task_id,puzzle_id,pair_index,emitted_candidates,invalid_candidates_before,allowed_shapes,shape_rule_count,filter_active,retained_candidates,filtered_candidates,filter_fraction,invalid_candidates_retained,used_empty_filter_fallback,target_shape_allowed,plain_modal_shape,screened_modal_shape,covered
0934a4d8#0,0934a4d8,0,1001,0,[],0,0,1001,0,0.0,0,0,0,"[4, 4]","[4, 4]",0.0
135a2760#0,135a2760,0,1001,0,"[[29, 29]]",1,1,998,3,0.0029970029970030065,0,0,1,"[29, 29]","[29, 29]",0.0
136b0064#0,136b0064,0,1001,0,[],0,0,1001,0,0.0,0,0,0,"[19, 7]","[19, 7]",0.0
13e47133#0,13e47133,0,1001,0,"[[30, 30]]",1,1,600,401,0.4005994005994006,0,0,1,"[30, 30]","[30, 30]",0.0
13e47133#1,13e47133,1,1001,1,"[[30, 30]]",1,1,784,217,0.21678321678321677,0,0,1,"[30, 30]","[30, 30]",0.0
142ca369#0,142ca369,0,1001,0,"[[18, 18]]",1,1,976,25,0.024975024975025018,0,0,1,"[18, 18]","[18, 18]",0.0
142ca369#1,142ca369,1,1001,0,"[[20, 19]]",1,1,1001,0,0.0,0,0,1,"[20, 19]","[20, 19]",0.0
16b78196#0,16b78196,0,1001,1,"[[30, 30]]",2,1,985,16,0.015984015984015998,0,0,1,"[30, 30]","[30, 30]",0.0
16de56c4#0,16de56c4,0,1001,0,"[[9, 21]]",1,1,965,36,0.03596403596403597,0,0,1,"[9, 21]","[9, 21]",0.0
16de56c4#1,16de56c4,1,1001,0,"[[9, 21]]",1,1,939,62,0.06193806193806195,0,0,1,"[9, 21]","[9, 21]",0.0
1818057f#0,1818057f,0,1001,0,"[[22, 22]]",1,1,1001,0,0.0,0,0,1,"[22, 22]","[22, 22]",1.0
195c6913#0,195c6913,0,1001,8,"[[30, 30]]",1,1,859,142,0.14185814185814183,0,0,1,"[30, 30]","[30, 30]",0.0
195c6913#1,195c6913,1,1001,0,"[[30, 30]]",1,1,960,41,0.040959040959040904,0,0,1,"[30, 30]","[30, 30]",0.0
1ae2feb7#0,1ae2feb7,0,1001,0,"[[10, 20]]",1,1,983,18,0.017982017982017928,0,0,1,"[10, 20]","[10, 20]",0.0
1ae2feb7#1,1ae2feb7,1,1001,1,"[[8, 15]]",1,1,998,3,0.0029970029970030065,0,0,1,"[8, 15]","[8, 15]",0.0
1ae2feb7#2,1ae2feb7,2,1001,0,"[[8, 15]]",1,1,1001,0,0.0,0,0,1,"[8, 15]","[8, 15]",1.0
20270e3b#0,20270e3b,0,1001,0,[],0,0,1001,0,0.0,0,0,0,"[6, 10]","[6, 10]",0.0
20270e3b#1,20270e3b,1,1001,0,[],0,0,1001,0,0.0,0,0,0,"[5, 5]","[5, 5]",0.0
20a9e565#0,20a9e565,0,1001,2,[],0,0,1001,0,0.0,2,0,0,"[3, 6]","[3, 6]",0.0
20a9e565#1,20a9e565,1,1001,0,[],0,0,1001,0,0.0,0,0,0,"[3, 6]","[3, 6]",0.0
21897d95#0,21897d95,0,1001,3,[],0,0,1001,0,0.0,3,0,0,"[30, 30]","[30, 30]",0.0
21897d95#1,21897d95,1,1001,2,[],0,0,1001,0,0.0,2,0,0,"[12, 13]","[12, 13]",0.0
221dfab4#0,221dfab4,0,1001,0,"[[25, 25], [29, 22]]",2,1,1000,1,0.0009990009990009652,0,0,1,"[25, 25]","[25, 25]",1.0
221dfab4#1,221dfab4,1,1001,16,"[[29, 22], [30, 30]]",2,1,513,488,0.48751248751248755,0,0,1,"[30, 30]","[30, 30]",0.0
247ef758#0,247ef758,0,1001,0,"[[15, 20]]",1,1,999,2,0.0019980019980020414,0,0,1,"[15, 20]","[15, 20]",0.0
247ef758#1,247ef758,1,1001,0,"[[12, 18]]",1,1,1001,0,0.0,0,0,1,"[12, 18]","[12, 18]",0.0
269e22fb#0,269e22fb,0,1001,0,"[[20, 20]]",1,1,1000,1,0.0009990009990009652,0,0,1,"[20, 20]","[20, 20]",1.0
269e22fb#1,269e22fb,1,1001,0,"[[20, 20]]",1,1,1001,0,0.0,0,0,1,"[20, 20]","[20, 20]",1.0
271d71e2#0,271d71e2,0,1001,1,"[[26, 26]]",1,1,684,317,0.31668331668331673,0,0,1,"[26, 26]","[26, 26]",0.0
28a6681f#0,28a6681f,0,1001,0,"[[10, 10]]",2,1,1001,0,0.0,0,0,1,"[10, 10]","[10, 10]",1.0
291dc1e1#0,291dc1e1,0,1001,0,[],0,0,1001,0,0.0,0,0,0,"[8, 14]","[8, 14]",0.0
2b83f449#0,2b83f449,0,1001,0,"[[19, 17]]",1,1,1001,0,0.0,0,0,1,"[19, 17]","[19, 17]",0.0
2ba387bc#0,2ba387bc,0,1001,0,[],0,0,1001,0,0.0,0,0,0,"[16, 8]","[16, 8]",0.0
2c181942#0,2c181942,0,1001,0,"[[24, 26]]",1,1,1001,0,0.0,0,0,1,"[24, 26]","[24, 26]",0.0
2d0172a1#0,2d0172a1,0,1001,0,[],0,0,1001,0,0.0,0,0,0,"[11, 12]","[11, 12]",0.0
2d0172a1#1,2d0172a1,1,1001,0,[],0,0,1001,0,0.0,0,0,0,"[11, 12]","[11, 12]",0.0
31f7f899#0,31f7f899,0,1001,0,"[[17, 17]]",1,1,1001,0,0.0,0,0,1,"[17, 17]","[17, 17]",0.0
332f06d7#0,332f06d7,0,1001,0,"[[20, 20]]",1,1,1001,0,0.0,0,0,1,"[20, 20]","[20, 20]",0.0
35ab12c3#0,35ab12c3,0,1001,13,"[[21, 21]]",1,1,983,18,0.017982017982017928,0,0,1,"[21, 21]","[21, 21]",0.0
36a08778#0,36a08778,0,1001,0,"[[16, 16]]",1,1,1001,0,0.0,0,0,1,"[16, 16]","[16, 16]",1.0
36a08778#1,36a08778,1,1001,50,"[[30, 30]]",1,1,486,515,0.5144855144855145,0,0,1,"[30, 30]","[30, 30]",0.0
38007db0#0,38007db0,0,1001,0,"[[19, 7]]",1,1,1001,0,0.0,0,1,0,"[29, 8]","[29, 8]",0.0
38007db0#1,38007db0,1,1001,0,"[[19, 7]]",1,1,1001,0,0.0,0,1,0,"[25, 7]","[25, 7]",0.0
3a25b0d8#0,3a25b0d8,0,1001,4,[],0,0,1001,0,0.0,4,0,0,"[30, 30]","[30, 30]",0.0
3a25b0d8#1,3a25b0d8,1,1001,0,[],0,0,1001,0,0.0,0,0,0,"[13, 11]","[13, 11]",0.0
3dc255db#0,3dc255db,0,1001,0,"[[12, 13]]",1,1,1001,0,0.0,0,0,1,"[12, 13]","[12, 13]",0.0
3e6067c3#0,3e6067c3,0,1001,0,"[[29, 29]]",1,1,999,2,0.0019980019980020414,0,0,1,"[29, 29]","[29, 29]",0.0
3e6067c3#1,3e6067c3,1,1001,1,"[[30, 30]]",1,1,961,40,0.03996003996003994,0,0,1,"[30, 30]","[30, 30]",0.0
409aa875#0,409aa875,0,1001,0,"[[16, 16]]",2,1,999,2,0.0019980019980020414,0,0,1,"[16, 16]","[16, 16]",0.0
446ef5d2#0,446ef5d2,0,1001,0,"[[26, 26]]",1,1,863,138,0.13786213786213786,0,0,1,"[26, 26]","[26, 26]",0.0
446ef5d2#1,446ef5d2,1,1001,0,"[[20, 20]]",1,1,999,2,0.0019980019980020414,0,0,1,"[20, 20]","[20, 20]",0.0
45a5af55#0,45a5af55,0,1001,0,[],0,0,1001,0,0.0,0,0,0,"[26, 23]","[26, 23]",0.0
4a21e3da#0,4a21e3da,0,1001,0,"[[18, 18], [21, 21]]",2,1,1001,0,0.0,0,0,1,"[21, 21]","[21, 21]",0.0
4a21e3da#1,4a21e3da,1,1001,0,"[[18, 18], [20, 20]]",2,1,1000,1,0.0009990009990009652,0,0,1,"[20, 20]","[20, 20]",0.0
4c3d4a41#0,4c3d4a41,0,1001,0,"[[8, 20]]",2,1,1001,0,0.0,0,0,1,"[8, 20]","[8, 20]",0.0
4c3d4a41#1,4c3d4a41,1,1001,0,"[[8, 20]]",2,1,1001,0,0.0,0,0,1,"[8, 20]","[8, 20]",0.0
4c416de3#0,4c416de3,0,1001,0,"[[19, 22]]",1,1,1001,0,0.0,0,0,1,"[19, 22]","[19, 22]",0.0
4c7dc4dd#0,4c7dc4dd,0,1001,9,[],0,0,1001,0,0.0,9,0,0,"[5, 5]","[5, 5]",0.0
4c7dc4dd#1,4c7dc4dd,1,1001,0,[],0,0,1001,0,0.0,0,0,0,"[5, 5]","[5, 5]",0.0
4e34c42c#0,4e34c42c,0,1001,0,[],0,0,1001,0,0.0,0,0,0,"[5, 22]","[5, 22]",0.0
4e34c42c#1,4e34c42c,1,1001,0,[],0,0,1001,0,0.0,0,0,0,"[5, 22]","[5, 22]",0.0
53fb4810#0,53fb4810,0,1001,0,"[[25, 18]]",1,1,1000,1,0.0009990009990009652,0,0,1,"[25, 18]","[25, 18]",0.0
5545f144#0,5545f144,0,1001,0,[],0,0,1001,0,0.0,0,0,0,"[15, 15]","[15, 15]",0.0
581f7754#0,581f7754,0,1001,0,"[[14, 20]]",1,1,994,7,0.006993006993006978,0,0,1,"[14, 20]","[14, 20]",0.0
581f7754#1,581f7754,1,1001,0,"[[11, 22]]",1,1,998,3,0.0029970029970030065,0,0,1,"[11, 22]","[11, 22]",0.0
58490d8a#0,58490d8a,0,1001,0,[],0,0,1001,0,0.0,0,0,0,"[7, 12]","[7, 12]",0.0
58f5dbd5#0,58f5dbd5,0,1001,0,[],0,0,1001,0,0.0,0,0,0,"[13, 13]","[13, 13]",0.0
5961cc34#0,5961cc34,0,1001,0,"[[27, 27]]",1,1,1001,0,0.0,0,0,1,"[27, 27]","[27, 27]",0.0
5dbc8537#0,5dbc8537,0,1001,0,[],0,0,1001,0,0.0,0,0,0,"[10, 25]","[10, 25]",0.0
5dbc8537#1,5dbc8537,1,1001,58,[],0,0,1001,0,0.0,58,0,0,"[20, 8]","[20, 8]",0.0
62593bfd#0,62593bfd,0,1001,0,"[[25, 25]]",1,1,1001,0,0.0,0,0,1,"[25, 25]","[25, 25]",0.0
62593bfd#1,62593bfd,1,1001,0,"[[19, 28]]",1,1,1000,1,0.0009990009990009652,0,0,1,"[19, 28]","[19, 28]",0.0
64efde09#0,64efde09,0,1001,0,"[[29, 29]]",1,1,536,465,0.46453546453546457,0,0,1,"[29, 29]","[29, 29]",0.0
65b59efc#0,65b59efc,0,1001,2,[],0,0,1001,0,0.0,2,0,0,"[25, 30]","[25, 30]",0.0
65b59efc#1,65b59efc,1,1001,0,[],0,0,1001,0,0.0,0,0,0,"[25, 25]","[25, 25]",0.0
67e490f4#0,67e490f4,0,1001,0,[],0,0,1001,0,0.0,0,0,0,"[11, 11]","[11, 11]",0.0
6e453dd6#0,6e453dd6,0,1001,0,"[[25, 12]]",1,1,1001,0,0.0,0,0,1,"[25, 12]","[25, 12]",0.0
6e4f6532#0,6e4f6532,0,1001,0,"[[30, 28]]",1,1,977,24,0.02397602397602394,0,0,1,"[30, 28]","[30, 28]",0.0
6e4f6532#1,6e4f6532,1,1001,0,"[[30, 16]]",1,1,980,21,0.020979020979020935,0,0,1,"[30, 16]","[30, 16]",0.0
6ffbe589#0,6ffbe589,0,1001,1,[],0,0,1001,0,0.0,1,0,0,"[10, 10]","[10, 10]",0.0
71e489b6#0,71e489b6,0,576,0,"[[16, 16]]",1,1,576,0,0.0,0,0,1,"[16, 16]","[16, 16]",1.0
71e489b6#1,71e489b6,1,576,0,"[[18, 19]]",1,1,576,0,0.0,0,0,1,"[18, 19]","[18, 19]",1.0
7491f3cf#0,7491f3cf,0,1001,0,"[[7, 25]]",2,1,984,17,0.016983016983016963,0,0,1,"[7, 25]","[7, 25]",0.0
7666fa5d#0,7666fa5d,0,1001,0,"[[16, 16]]",2,1,1001,0,0.0,0,0,1,"[16, 16]","[16, 16]",1.0
78332cb0#0,78332cb0,0,1001,0,[],0,0,1001,0,0.0,0,0,0,"[23, 5]","[23, 5]",0.0
78332cb0#1,78332cb0,1,1001,0,[],0,0,1001,0,0.0,0,0,0,"[5, 17]","[5, 17]",0.0
7b0280bc#0,7b0280bc,0,1001,0,"[[30, 30]]",1,1,968,33,0.03296703296703296,0,0,1,"[30, 30]","[30, 30]",0.0
7b3084d4#0,7b3084d4,0,1001,0,[],0,0,1001,0,0.0,0,0,0,"[10, 10]","[10, 10]",0.0
7b5033c1#0,7b5033c1,0,1001,0,[],0,0,1001,0,0.0,0,0,0,"[22, 1]","[22, 1]",0.0
7b80bb43#0,7b80bb43,0,1001,0,"[[29, 17]]",1,1,1001,0,0.0,0,0,1,"[29, 17]","[29, 17]",1.0
7c66cb00#0,7c66cb00,0,1001,0,"[[30, 24]]",2,1,1000,1,0.0009990009990009652,0,0,1,"[30, 24]","[30, 24]",0.0
7ed72f31#0,7ed72f31,0,1001,0,"[[18, 18]]",2,1,1001,0,0.0,0,0,1,"[18, 18]","[18, 18]",0.0
7ed72f31#1,7ed72f31,1,1001,0,"[[18, 18], [28, 28]]",2,1,1001,0,0.0,0,0,1,"[28, 28]","[28, 28]",0.0
800d221b#0,800d221b,0,1001,0,"[[30, 30]]",1,1,975,26,0.025974025974025983,0,0,1,"[30, 30]","[30, 30]",0.0
80a900e0#0,80a900e0,0,1001,0,"[[22, 21]]",1,1,1001,0,0.0,0,0,1,"[22, 21]","[22, 21]",1.0
8698868d#0,8698868d,0,1001,0,[],0,0,1001,0,0.0,0,0,0,"[16, 16]","[16, 16]",0.0
88bcf3b4#0,88bcf3b4,0,1001,1,"[[22, 22]]",1,1,997,4,0.003996003996003972,0,0,1,"[22, 22]","[22, 22]",0.0
88bcf3b4#1,88bcf3b4,1,1001,1,"[[27, 27]]",1,1,990,11,0.01098901098901095,0,0,1,"[27, 27]","[27, 27]",0.0
88e364bc#0,88e364bc,0,1001,0,"[[20, 20]]",2,1,1001,0,0.0,0,0,1,"[20, 20]","[20, 20]",0.0
88e364bc#1,88e364bc,1,1001,0,"[[20, 20]]",2,1,1001,0,0.0,0,0,1,"[20, 20]","[20, 20]",0.0
89565ca0#0,89565ca0,0,1001,0,[],0,0,1001,0,0.0,0,0,0,"[4, 6]","[4, 6]",0.0
898e7135#0,898e7135,0,1001,0,[],0,0,1001,0,0.0,0,0,0,"[10, 6]","[10, 6]",0.0
8b7bacbf#0,8b7bacbf,0,1001,1,"[[30, 30]]",1,1,971,30,0.029970029970029954,0,0,1,"[30, 30]","[30, 30]",0.0
8b7bacbf#1,8b7bacbf,1,1001,0,"[[22, 26]]",1,1,1001,0,0.0,0,0,1,"[22, 26]","[22, 26]",0.0
8b9c3697#0,8b9c3697,0,1001,0,"[[19, 22], [23, 27]]",2,1,1001,0,0.0,0,0,1,"[23, 27]","[23, 27]",1.0
8e5c0c38#0,8e5c0c38,0,1001,0,"[[22, 22]]",2,1,1001,0,0.0,0,0,1,"[22, 22]","[22, 22]",0.0
8e5c0c38#1,8e5c0c38,1,1001,0,"[[22, 22]]",2,1,1001,0,0.0,0,0,1,"[22, 22]","[22, 22]",0.0
8f215267#0,8f215267,0,1001,0,"[[27, 23]]",1,1,1001,0,0.0,0,0,1,"[27, 23]","[27, 23]",0.0
8f3a5a89#0,8f3a5a89,0,1001,0,"[[12, 12]]",1,1,1001,0,0.0,0,0,1,"[12, 12]","[12, 12]",1.0
9385bd28#0,9385bd28,0,1001,0,"[[19, 13]]",1,1,992,9,0.00899100899100902,0,0,1,"[19, 13]","[19, 13]",0.0
9385bd28#1,9385bd28,1,1001,0,"[[13, 19]]",1,1,959,42,0.04195804195804198,0,0,1,"[13, 19]","[13, 19]",0.0
97d7923e#0,97d7923e,0,1001,0,"[[10, 20]]",1,1,1001,0,0.0,0,0,1,"[10, 20]","[10, 20]",0.0
981571dc#0,981571dc,0,1001,0,"[[30, 30]]",2,1,983,18,0.017982017982017928,0,0,1,"[30, 30]","[30, 30]",0.0
9aaea919#0,9aaea919,0,1001,0,"[[30, 30]]",2,1,979,22,0.02197802197802201,0,0,1,"[30, 30]","[30, 30]",0.0
9bbf930d#0,9bbf930d,0,1001,0,"[[23, 21]]",1,1,1001,0,0.0,0,0,1,"[23, 21]","[23, 21]",0.0
a251c730#0,a251c730,0,1001,0,[],0,0,1001,0,0.0,0,0,0,"[8, 19]","[8, 19]",0.0
a25697e4#0,a25697e4,0,1001,0,"[[18, 25], [30, 30]]",2,1,963,38,0.03796203796203801,0,0,1,"[30, 30]","[30, 30]",0.0
a25697e4#1,a25697e4,1,1001,2,"[[18, 25], [30, 25]]",2,1,968,33,0.03296703296703296,0,0,1,"[30, 25]","[30, 25]",0.0
a32d8b75#0,a32d8b75,0,1001,5,"[[20, 24]]",1,1,1001,0,0.0,5,1,0,"[30, 30]","[30, 30]",0.0
a32d8b75#1,a32d8b75,1,1001,2,"[[20, 24]]",1,1,1,1000,0.999000999000999,0,0,0,"[30, 30]","[20, 24]",0.0
a395ee82#0,a395ee82,0,1001,0,"[[22, 22]]",2,1,1001,0,0.0,0,0,1,"[22, 22]","[22, 22]",0.0
a47bf94d#0,a47bf94d,0,1001,0,"[[26, 26]]",1,1,1001,0,0.0,0,0,1,"[26, 26]","[26, 26]",1.0
a6f40cea#0,a6f40cea,0,1001,0,[],0,0,1001,0,0.0,0,0,0,"[14, 16]","[14, 16]",0.0
aa4ec2a5#0,aa4ec2a5,0,1001,0,"[[26, 27]]",1,1,1001,0,0.0,0,0,1,"[26, 27]","[26, 27]",0.0
abc82100#0,abc82100,0,1001,0,"[[20, 20]]",1,1,811,190,0.18981018981018982,0,0,1,"[20, 20]","[20, 20]",0.0
abc82100#1,abc82100,1,1001,0,"[[20, 20]]",1,1,993,8,0.007992007992007943,0,0,1,"[20, 20]","[20, 20]",0.0
b0039139#0,b0039139,0,1001,0,[],0,0,1001,0,0.0,0,0,0,"[10, 5]","[10, 5]",0.0
b0039139#1,b0039139,1,1001,0,[],0,0,1001,0,0.0,0,0,0,"[5, 15]","[5, 15]",0.0
b10624e5#0,b10624e5,0,1001,0,"[[27, 27]]",2,1,1000,1,0.0009990009990009652,0,0,1,"[27, 27]","[27, 27]",0.0
b5ca7ac4#0,b5ca7ac4,0,1001,0,"[[22, 22]]",2,1,1001,0,0.0,0,0,1,"[22, 22]","[22, 22]",0.0
b6f77b65#0,b6f77b65,0,1001,0,"[[12, 12]]",2,1,1000,1,0.0009990009990009652,0,0,1,"[12, 12]","[12, 12]",1.0
b6f77b65#1,b6f77b65,1,1001,0,"[[12, 12]]",2,1,999,2,0.0019980019980020414,0,0,1,"[12, 12]","[12, 12]",0.0
b6f77b65#2,b6f77b65,2,1001,0,"[[12, 12]]",2,1,999,2,0.0019980019980020414,0,0,1,"[12, 12]","[12, 12]",0.0
b99e7126#0,b99e7126,0,1001,0,"[[29, 29]]",2,1,1000,1,0.0009990009990009652,0,0,1,"[29, 29]","[29, 29]",0.0
b9e38dc0#0,b9e38dc0,0,1001,0,"[[15, 19]]",1,1,1001,0,0.0,0,0,1,"[15, 19]","[15, 19]",0.0
bf45cf4b#0,bf45cf4b,0,1001,0,[],0,0,1001,0,0.0,0,0,0,"[14, 13]","[14, 13]",0.0
c4d067a0#0,c4d067a0,0,1001,0,"[[23, 23], [27, 27]]",2,1,999,2,0.0019980019980020414,0,0,1,"[27, 27]","[27, 27]",0.0
c7f57c3e#0,c7f57c3e,0,1001,1,"[[18, 18], [28, 28]]",2,1,1000,1,0.0009990009990009652,0,0,1,"[28, 28]","[28, 28]",0.0
cb2d8a2c#0,cb2d8a2c,0,1001,0,"[[14, 26]]",1,1,1001,0,0.0,0,0,1,"[14, 26]","[14, 26]",0.0
cb2d8a2c#1,cb2d8a2c,1,1001,0,"[[29, 16]]",1,1,1001,0,0.0,0,0,1,"[29, 16]","[29, 16]",0.0
cbebaa4b#0,cbebaa4b,0,1001,0,"[[22, 22], [26, 26]]",2,1,994,7,0.006993006993006978,0,0,1,"[26, 26]","[26, 26]",0.0
cbebaa4b#1,cbebaa4b,1,1001,0,"[[22, 22], [26, 26]]",2,1,998,3,0.0029970029970030065,0,0,1,"[26, 26]","[26, 26]",0.0
d35bdbdc#0,d35bdbdc,0,1001,0,"[[10, 10]]",2,1,1001,0,0.0,0,0,1,"[10, 10]","[10, 10]",0.0
d35bdbdc#1,d35bdbdc,1,1001,0,"[[10, 10]]",2,1,1001,0,0.0,0,0,1,"[10, 10]","[10, 10]",0.0
d35bdbdc#2,d35bdbdc,2,1001,0,"[[10, 10]]",2,1,1001,0,0.0,0,0,1,"[10, 10]","[10, 10]",1.0
d59b0160#0,d59b0160,0,1001,0,"[[16, 16]]",2,1,1000,1,0.0009990009990009652,0,0,1,"[16, 16]","[16, 16]",1.0
d8e07eb2#0,d8e07eb2,0,1001,0,"[[30, 22]]",2,1,1001,0,0.0,0,0,1,"[30, 22]","[30, 22]",0.0
d8e07eb2#1,d8e07eb2,1,1001,0,"[[30, 22]]",2,1,1001,0,0.0,0,0,1,"[30, 22]","[30, 22]",0.0
da515329#0,da515329,0,72,0,"[[26, 26]]",1,1,72,0,0.0,0,0,1,"[26, 26]","[26, 26]",0.0
db0c5428#0,db0c5428,0,1001,0,"[[17, 17]]",1,1,1001,0,0.0,0,0,1,"[17, 17]","[17, 17]",0.0
db695cfb#0,db695cfb,0,1001,0,"[[25, 21]]",1,1,998,3,0.0029970029970030065,0,0,1,"[25, 21]","[25, 21]",0.0
dbff022c#0,dbff022c,0,1001,0,"[[13, 13]]",1,1,1001,0,0.0,0,0,1,"[13, 13]","[13, 13]",1.0
dd6b8c4b#0,dd6b8c4b,0,1001,0,"[[11, 11]]",2,1,1001,0,0.0,0,0,1,"[11, 11]","[11, 11]",0.0
dd6b8c4b#1,dd6b8c4b,1,1001,0,"[[11, 11]]",2,1,1001,0,0.0,0,0,1,"[11, 11]","[11, 11]",0.0
de809cff#0,de809cff,0,1001,0,"[[20, 20], [30, 30]]",2,1,996,5,0.004995004995005048,0,0,1,"[30, 30]","[30, 30]",0.0
dfadab01#0,dfadab01,0,1001,0,"[[20, 20]]",1,1,1000,1,0.0009990009990009652,0,0,1,"[20, 20]","[20, 20]",0.0
e12f9a14#0,e12f9a14,0,1001,1,"[[30, 30]]",1,1,584,417,0.4165834165834166,0,0,1,"[30, 30]","[30, 30]",0.0
e12f9a14#1,e12f9a14,1,1001,0,"[[30, 30]]",1,1,906,95,0.09490509490509491,0,0,1,"[30, 30]","[30, 30]",0.0
e3721c99#0,e3721c99,0,1001,0,"[[30, 30]]",2,1,880,121,0.1208791208791209,0,0,1,"[30, 30]","[30, 30]",0.0
e3721c99#1,e3721c99,1,1001,0,"[[30, 30]]",2,1,938,63,0.06293706293706292,0,0,1,"[30, 30]","[30, 30]",0.0
e376de54#0,e376de54,0,1001,0,"[[16, 16]]",2,1,1001,0,0.0,0,0,1,"[16, 16]","[16, 16]",0.0
e8686506#0,e8686506,0,1001,0,[],0,0,1001,0,0.0,0,0,0,"[7, 5]","[7, 5]",0.0
e87109e9#0,e87109e9,0,1001,0,"[[19, 24]]",1,1,1001,0,0.0,0,1,0,"[24, 24]","[24, 24]",0.0
edb79dae#0,edb79dae,0,1001,0,[],0,0,1001,0,0.0,0,0,0,"[16, 16]","[16, 16]",0.0
eee78d87#0,eee78d87,0,1001,0,"[[16, 16]]",1,1,981,20,0.01998001998001997,0,0,1,"[16, 16]","[16, 16]",0.0
f560132c#0,f560132c,0,1001,0,[],0,0,1001,0,0.0,0,0,0,"[30, 30]","[30, 30]",0.0
f560132c#1,f560132c,1,1001,0,[],0,0,1001,0,0.0,0,0,0,"[11, 11]","[11, 11]",0.0
f931b4a8#0,f931b4a8,0,1001,0,[],0,0,1001,0,0.0,0,0,0,"[4, 4]","[4, 4]",0.0
f931b4a8#1,f931b4a8,1,1001,1,[],0,0,1001,0,0.0,1,0,0,"[8, 8]","[8, 8]",0.0
faa9f03d#0,faa9f03d,0,1001,0,"[[12, 12], [20, 20]]",2,1,1001,0,0.0,0,0,1,"[20, 20]","[20, 20]",0.0
faa9f03d#1,faa9f03d,1,1001,0,"[[12, 12]]",2,1,1001,0,0.0,0,0,1,"[12, 12]","[12, 12]",0.0
fc7cae8d#0,fc7cae8d,0,1001,0,[],0,0,1001,0,0.0,0,0,0,"[3, 7]","[3, 7]",0.0
