task_id,majority_vote_mass,distinct_candidate_grids
00576224#0,1.0,1
009d5c81#0,0.4985014985014985,28
00dbd492#0,0.2047952047952048,132
03560426#0,0.03696303696303696,645
05a7bcf2#0,0.006993006993006993,952
0607ce86#0,0.987012987012987,8
0692e18c#0,0.8681318681318682,10
070dd51e#0,0.9920079920079921,7
08573cc6#0,0.061938061938061936,424
0934a4d8#0,0.001998001998001998,998
09c534e7#0,0.04095904095904096,548
0a1d4ef5#0,0.24375624375624375,50
0a2355a6#0,0.08691308691308691,472
0b17323b#0,0.2951388888888889,51
0bb8deee#0,0.11988011988011989,369
0becf7df#0,0.4435564435564436,120
0c786b71#0,0.9690309690309691,9
0c9aba6e#0,1.0,1
0d87d2a6#0,0.2378472222222222,276
0e671a1a#0,0.968031968031968,18
0f63c0b9#0,0.4305694305694306,13
103eff5b#0,0.052947052947052944,498
11e1fe23#0,0.09090909090909091,234
12422b43#0,0.18981018981018982,216
12997ef3#0,0.1088911088911089,339
12997ef3#1,0.16083916083916083,242
12eac192#0,0.07292707292707293,488
136b0064#0,0.022977022977022976,891
13713586#0,0.922077922077922,40
137f0df0#0,0.999000999000999,2
140c817e#0,0.8871128871128872,17
14754a24#0,0.7182817182817183,10
15113be4#0,0.07392607392607392,651
15663ba9#0,0.23376623376623376,152
15696249#0,0.3226773226773227,138
16b78196#0,0.003996003996003996,997
17b80ad2#0,0.26673326673326675,145
17cae0c1#0,0.06993006993006994,600
18419cfa#0,0.1684027777777778,150
184a9768#0,0.03496503496503497,511
195ba7dc#0,0.998001998001998,3
1990f7a8#0,0.05555555555555555,67
19bb5feb#0,0.2647352647352647,45
1a2e2828#0,0.7632367632367633,4
1a6449f1#0,0.008991008991008992,940
1acc24af#0,0.26673326673326675,96
1c02dbbe#0,0.6453546453546454,143
1c0d0a4b#0,1.0,1
1c56ad9f#0,0.1028971028971029,195
1d0a4b61#0,0.26573426573426573,720
1d398264#0,0.996003996003996,4
1d398264#1,0.7232767232767233,9
1da012fc#0,0.07592407592407592,291
1e81d6f9#0,0.999000999000999,2
1e97544e#0,0.03796203796203796,493
2037f2c7#0,0.06293706293706294,485
2072aba6#0,0.7262737262737263,44
20818e16#0,0.03796203796203796,828
20981f0e#0,0.9565972222222222,6
212895b5#0,0.1108891108891109,422
21f83797#0,0.9913194444444444,6
22a4bbc2#0,0.13386613386613386,262
25094a63#0,0.945054945054945,12
2546ccf6#0,0.4275724275724276,197
256b0a75#0,0.8401598401598401,35
2685904e#0,0.23776223776223776,189
2697da3f#0,0.2777777777777778,47
2753e76c#0,0.2017982017982018,162
27a77e38#0,0.03796203796203796,429
27f8ce4f#0,0.6443556443556444,140
281123b4#0,0.994005994005994,4
292dd178#0,0.9820179820179821,11
29700607#0,0.2897102897102897,131
2a5f8217#0,0.15484515484515485,283
2b01abd0#0,0.23276723276723277,472
2c0b0aff#0,0.046875,425
2c737e39#0,0.03496503496503497,697
2f0c5170#0,0.06893106893106893,369
310f3251#0,0.3146853146853147,37
3194b014#0,0.998001998001998,3
319f2597#0,0.997002997002997,4
31adaf00#0,0.2673611111111111,67
31d5ba1a#0,1.0,1
31d5ba1a#1,0.996003996003996,4
32e9702f#0,0.11788211788211789,157
332efdb3#0,0.6666666666666666,4
3391f8c0#0,0.0939060939060939,276
33b52de3#0,0.002997002997002997,999
3490cc26#0,0.3386613386613387,119
34b99a2b#0,0.987012987012987,13
351d6448#0,0.02197802197802198,824
358ba94e#0,0.24175824175824176,39
37d3e8b2#0,0.14685314685314685,419
3979b1a8#0,0.994005994005994,6
3a301edc#0,0.949050949050949,14
3b4c2228#0,0.45754245754245754,36
3b4c2228#1,0.3006993006993007,81
3d31c5b3#0,0.938061938061938,8
3ed85e70#0,0.007992007992007992,946
3ee1011a#0,0.17082917082917082,216
3f23242b#0,0.03596403596403597,708
40f6cd08#0,0.003996003996003996,992
414297c0#0,0.000999000999000999,1001
423a55dc#0,0.27172827172827174,103
42918530#0,0.057942057942057944,297
42a15761#0,0.013888888888888888,72
4364c1c4#0,0.08091908091908091,223
456873bc#0,0.05094905094905095,494
45737921#0,1.0,1
45bbe264#0,1.0,1
477d2879#0,0.11588411588411589,370
47996f11#0,0.000999000999000999,1001
48131b3c#0,0.993006993006993,5
4852f2fa#0,0.234375,112
4852f2fa#1,0.3819444444444444,79
48f8583b#0,0.4045954045954046,201
4aab4007#0,0.001998001998001998,997
4acc7107#0,0.00999000999000999,960
4b6b68e5#0,0.0989010989010989,337
4c177718#0,0.14385614385614387,224
4c177718#1,0.10589410589410589,242
4cd1b7b2#0,0.38161838161838163,49
4e45f183#0,0.7932067932067932,53
4e469f39#0,0.4357638888888889,110
4f537728#0,1.0,1
4ff4c9da#0,0.028971028971028972,645
505fff84#0,0.023976023976023976,578
506d28a5#0,0.994005994005994,7
50a16a69#0,0.987012987012987,5
50aad11f#0,0.005994005994005994,964
50f325b5#0,0.22977022977022976,274
516b51b7#0,0.7962037962037962,50
5207a7b5#0,0.6923076923076923,60
5289ad53#0,0.1848151848151848,283
52fd389e#0,0.4595404595404595,73
54db823b#0,0.8506944444444444,17
55059096#0,0.59375,40
551d5bf1#0,0.8333333333333334,28
55783887#0,0.2177822177822178,243
575b1a71#0,0.03996003996003996,428
5783df64#0,0.7932067932067932,60
5833af48#0,0.002997002997002997,995
58743b76#0,0.03596403596403597,700
58e15b12#0,0.001998001998001998,1000
59341089#0,1.0,1
5a5a2103#0,0.5264735264735265,142
5af49b42#0,0.011988011988011988,843
5b526a93#0,0.10590277777777778,404
5b692c0f#0,0.004995004995004995,988
5b6cbef5#0,1.0,1
5d2a5c43#0,0.996003996003996,5
5d2a5c43#1,0.9920079920079921,8
5ffb2104#0,0.017982017982017984,851
604001fa#0,0.03496503496503497,330
60a26a3e#0,0.5572916666666666,90
60c09cac#0,0.9080919080919081,48
626c0bcc#0,0.04395604395604396,483
62ab2642#0,0.26373626373626374,300
62b74c02#0,0.8361638361638362,22
639f5a19#0,0.000999000999000999,1001
642248e4#0,0.04995004995004995,493
642d658d#0,0.5344655344655345,9
64a7c07e#0,0.05555555555555555,60
66e6c45b#0,0.996003996003996,4
66f2d22f#0,0.996003996003996,5
67636eac#0,0.0959040959040959,552
67b4a34d#0,0.002997002997002997,972
67c52801#0,0.7812187812187812,67
68b67ca3#0,0.6333666333666333,62
692cd3b6#0,0.9010989010989011,60
695367ec#0,0.23176823176823177,162
696d4842#0,0.18681318681318682,144
69889d6e#0,0.7777777777777778,35
6a11f6da#0,0.996003996003996,5
6ad5bdfd#0,0.011988011988011988,905
6df30ad6#0,0.7702297702297702,6
6ea4a07e#0,0.46653346653346656,25
6ea4a07e#1,0.5004995004995005,14
6f473927#0,0.026041666666666668,414
7039b2d7#0,0.34165834165834164,14
705a3229#0,0.6663336663336663,130
712bf12e#0,0.1875,196
72207abc#0,0.36563436563436563,135
72a961c9#0,0.2037962037962038,320
73182012#0,0.016983016983016984,721
73c3b0d8#0,0.2204861111111111,160
73ccf9c2#0,0.017982017982017984,633
759f3fd3#0,1.0,1
762cd429#0,0.6403596403596403,86
770cc55f#0,0.9400599400599401,29
782b5218#0,0.968031968031968,24
79369cc6#0,0.1848151848151848,255
7953d61e#0,0.6853146853146853,94
79fb03f4#0,0.04795204795204795,594
7bb29440#0,0.07792207792207792,350
7c8af763#0,0.04995004995004995,458
7c9b52a0#0,0.03596403596403597,659
7d18a6fb#0,0.03196803196803197,662
7d1f7ee8#0,0.7842157842157842,56
7d419a02#0,0.1998001998001998,215
7e02026e#0,0.4635416666666667,54
7ee1c6ea#0,0.6183816183816184,176
817e6c09#0,0.3715277777777778,72
81c0276b#0,0.14485514485514486,304
833dafe3#0,0.016983016983016984,944
845d6e51#0,0.01898101898101898,688
84db8fc4#0,0.8431568431568431,22
84f2aca1#0,0.987012987012987,8
8597cfd7#0,0.7292707292707292,3
85b81ff1#0,0.059940059940059943,282
85fa5666#0,0.12987012987012986,118
8719f442#0,0.7222222222222222,7
88207623#0,0.07792207792207792,470
891232d6#0,0.005994005994005994,944
896d5239#0,0.2137862137862138,160
8a371977#0,0.27372627372627373,397
8b28cd80#0,0.8651348651348651,39
8b28cd80#1,0.9000999000999002,34
8ba14f53#0,0.0899100899100899,233
8cb8642d#0,0.07592407592407592,599
8dae5dfc#0,0.006993006993006993,964
8e2edd66#0,0.23476523476523475,115
8ee62060#0,0.13786213786213786,467
8fbca751#0,0.45565217391304347,38
90347967#0,0.017982017982017984,703
903d1b4a#0,0.5084915084915085,161
9110e3c5#0,0.6113886113886113,57
9110e3c5#1,0.4155844155844156,70
917bccba#0,0.8141858141858141,83
929ab4e9#0,0.11788211788211789,500
92e50de0#0,0.5284715284715285,99
9356391f#0,0.7442557442557443,68
93b4f4b3#0,0.12987012987012986,403
93c31fbe#0,0.13186813186813187,499
94133066#0,0.015984015984015984,828
94414823#0,0.7112887112887113,232
94be5b80#0,0.03196803196803197,886
95a58926#0,0.999000999000999,2
963f59bc#0,0.07492507492507493,299
96a8c0cd#0,0.027972027972027972,640
97239e3d#0,0.3776223776223776,311
9772c176#0,0.9982638888888888,2
981571dc#0,0.013986013986013986,811
992798f6#0,0.5954045954045954,62
99306f82#0,0.003996003996003996,985
9a4bb226#0,0.5004995004995005,62
9b2a60aa#0,0.13486513486513488,318
9b365c51#0,0.09490509490509491,420
9b4c17c4#0,0.04995004995004995,444
9b4c17c4#1,0.0919080919080919,383
9bebae7a#0,0.2829861111111111,51
9c1e755f#0,0.952047952047952,17
9c56f360#0,0.05565217391304348,315
9caba7c3#0,0.997002997002997,4
9ddd00f0#0,0.2137862137862138,210
9def23fe#0,0.9330669330669331,21
9f27f097#0,0.19080919080919082,102
a04b2602#0,0.47152847152847155,66
a096bf4d#0,0.12387612387612387,77
a3f84088#0,0.020833333333333332,507
a406ac07#0,0.17782217782217782,166
a57f2f04#0,0.16283716283716285,601
a59b95c0#0,0.6343656343656343,7
a680ac02#0,0.2757242757242757,126
a8610ef7#0,0.007992007992007992,794
a934301b#0,0.2770034843205575,108
aa18de87#0,0.978021978021978,13
aa300dc3#0,0.7795138888888888,15
aa4ec2a5#0,0.008991008991008992,760
aab50785#0,0.007992007992007992,902
ac0c5833#0,0.036458333333333336,293
ac2e8ecf#0,0.003996003996003996,965
ac3e2b04#0,0.983016983016983,14
ac605cbb#0,0.06493506493506493,487
ad7e01d0#0,0.01098901098901099,892
ae58858e#0,0.7430555555555556,13
aee291af#0,0.0959040959040959,149
af22c60d#0,0.01898101898101898,833
af24b4cc#0,0.7852147852147852,13
b0722778#0,0.11388611388611389,310
b0f4d537#0,0.06893106893106893,420
b15fca0b#0,0.34165834165834164,267
b1fc8b8e#0,0.6111111111111112,4
b1fc8b8e#1,0.5277777777777778,8
b20f7c8b#0,0.1878121878121878,115
b457fec5#0,0.000999000999000999,1001
b4a43f3b#0,0.03296703296703297,597
b7999b51#0,0.13186813186813187,205
b7cb93ac#0,0.054945054945054944,378
b7f8a4d8#0,0.03996003996003996,791
b7fb29bc#0,0.4025974025974026,131
b942fd60#0,0.11288711288711288,276
b9630600#0,0.2916666666666667,23
ba9d41b8#0,0.4985014985014985,62
baf41dbf#0,0.09722222222222222,274
bb52a14b#0,0.16683316683316685,275
bbb1b8b6#0,0.997002997002997,4
bbb1b8b6#1,0.8571428571428571,23
bc4146bd#0,0.9470529470529471,9
bcb3040b#0,0.5194805194805194,109
bd14c3bf#0,0.1875,133
be03b35f#0,0.3628472222222222,8
bf32578f#0,0.7192807192807192,37
bf699163#0,0.9460539460539461,20
bf89d739#0,0.3617391304347826,26
c074846d#0,0.6963036963036963,40
c074846d#1,0.13986013986013987,149
c1990cce#0,0.2743055555555556,228
c3202e5a#0,0.02097902097902098,747
c35c1b4c#0,0.34765234765234765,141
c48954c1#0,0.987012987012987,14
c62e2108#0,0.1848151848151848,240
c64f1187#0,0.01898101898101898,914
c658a4bd#0,0.2917082917082917,237
c663677b#0,1.0,1
c6e1b8da#0,0.10589410589410589,478
c7d4e6ad#0,0.986013986013986,4
c87289bb#0,0.9322916666666666,33
c8b7cc0f#0,0.3676323676323676,26
c92b942c#0,0.17682317682317683,206
c97c0139#0,0.9305555555555556,16
ca8de6ea#0,0.9470529470529471,24
ca8f78db#0,0.5334665334665335,91
cad67732#0,0.015984015984015984,745
cb227835#0,0.7170138888888888,111
ccd554ac#0,0.01098901098901099,906
cd3c21df#0,0.5904095904095904,44
ce039d91#0,0.09375,155
ce8d95cc#0,0.11888111888111888,266
cf133acc#0,0.8741258741258742,64
cfb2ce5a#0,0.02197802197802198,639
d017b73f#0,0.922077922077922,24
d19f7514#0,0.997002997002997,4
d282b262#0,0.01098901098901099,971
d2acf2cb#0,0.938061938061938,46
d304284e#0,0.010416666666666666,553
d37a1ef5#0,0.75,29
d47aa2ff#0,0.8121878121878122,11
d492a647#0,0.997002997002997,3
d4b1c2b1#0,0.5764235764235764,141
d4c90558#0,0.04995004995004995,402
d56f2372#0,0.06993006993006994,448
d5c634a2#0,0.22277722277722278,74
d5c634a2#1,0.43756243756243757,57
d931c21c#0,0.0999000999000999,489
d94c3b52#0,0.03696303696303696,741
da2b0fe3#0,0.7412587412587412,104
da2b0fe3#1,0.3306693306693307,237
da515329#0,0.027777777777777776,70
dc2aa30b#0,0.003472222222222222,570
dc2e9a9d#0,0.3546453546453546,133
dd2401ed#0,0.24875124875124874,126
de493100#0,0.002997002997002997,989
df8cc377#0,0.11788211788211789,453
e0fb7511#0,0.9618055555555556,8
e133d23d#0,1.0,1
e1baa8a4#0,0.022977022977022976,619
e1d2900e#0,0.09027777777777778,119
e2092e0c#0,0.1888111888111888,196
e21a174a#0,0.16783216783216784,265
e21a174a#1,0.011988011988011988,891
e345f17b#0,0.996003996003996,3
e345f17b#1,0.951048951048951,21
e4075551#0,0.7852147852147852,35
e41c6fd3#0,0.03596403596403597,786
e57337a4#0,0.1978021978021978,62
e5790162#0,0.7322677322677322,166
e5c44e8f#0,0.08159722222222222,356
e619ca6e#0,0.041666666666666664,67
e633a9e5#0,1.0,1
e66aafb8#0,0.01098901098901099,747
e681b708#0,0.03896103896103896,508
e69241bd#0,0.8881118881118881,18
e6de6e8f#0,0.265625,77
e74e1818#0,0.003996003996003996,977
e760a62e#0,0.23376623376623376,164
e7639916#0,0.7864583333333334,32
e78887d1#0,0.09490509490509491,330
e7a25a18#0,0.6643356643356644,171
e7b06bea#0,0.3926073926073926,74
e7dd8335#0,0.18229166666666666,136
e872b94a#0,0.3611111111111111,7
e88171ec#0,0.998001998001998,3
e95e3d8e#0,0.8071928071928072,46
e99362f0#0,0.935064935064935,6
e9ac8c9e#0,0.04295704295704296,592
e9b4f6fc#0,0.012987012987012988,663
e9bb6954#0,0.8151848151848152,49
e9c9d9a1#0,0.4115884115884116,91
ea959feb#0,0.002997002997002997,999
ea9794b1#0,0.996003996003996,2
ecaa0ec1#0,0.5144855144855145,15
ed74f2f2#0,0.4975024975024975,18
ed98d772#0,0.028971028971028972,519
ef26cbf6#0,0.9270729270729271,49
f0afb749#0,0.7282717282717283,54
f0df5ff0#0,0.7452547452547452,207
f21745ec#0,0.008991008991008992,961
f3b10344#0,0.15984015984015984,372
f3cdc58f#0,0.07092907092907093,554
f3e62deb#0,0.4025974025974026,67
f3e62deb#1,0.4155844155844156,91
f4081712#0,0.001998001998001998,999
f45f5ca7#0,0.05194805194805195,298
f5aa3634#0,0.4855144855144855,156
f5c89df1#0,0.34165834165834164,248
f823c43c#0,0.99000999000999,3
f83cb3f6#0,0.919080919080919,16
f8be4b64#0,0.4255744255744256,53
f9a67cb5#0,0.03993055555555555,340
f9d67f8b#0,0.000999000999000999,1001
fafd9572#0,0.024975024975024976,658
fb791726#0,0.12087912087912088,403
fc754716#0,0.9600399600399601,2
fd096ab6#0,0.013986013986013986,988
fd4b2b02#0,0.2586805555555556,253
fe9372f3#0,0.04295704295704296,906
fea12743#0,0.04495504495504495,725
ff72ca3e#0,0.11288711288711288,553
