task_id,puzzle_id,incorrect_distinct_candidates,mean_incorrect_pair_similarity,mean_correct_to_incorrect_similarity
009d5c81#0,009d5c81,27,0.8886125683784485,0.8896446824073792
00dbd492#0,00dbd492,131,0.8402172923088074,0.8579198122024536
0692e18c#0,0692e18c,9,0.9101508259773254,0.950617253780365
070dd51e#0,070dd51e,6,0.981499969959259,0.9891666769981384
0934a4d8#0,0934a4d8,998,0.08068523555994034,
09c534e7#0,09c534e7,547,0.9313582181930542,0.9323298931121826
0c786b71#0,0c786b71,8,0.803571343421936,0.8802083730697632
0e671a1a#0,0e671a1a,17,0.8756961226463318,0.8844413161277771
103eff5b#0,103eff5b,497,0.8741433620452881,0.8758899569511414
12422b43#0,12422b43,216,0.9160501956939697,
12997ef3#0,12997ef3,339,0.23646269738674164,
12997ef3#1,12997ef3,242,0.1213548555970192,
136b0064#0,136b0064,891,0.766585648059845,
13713586#0,13713586,39,0.87943035364151,0.9336481094360352
15113be4#0,15113be4,651,0.9747865796089172,
15663ba9#0,15663ba9,151,0.9785704016685486,0.9831953048706055
16b78196#0,16b78196,997,0.9074918031692505,
18419cfa#0,18419cfa,149,0.9814959764480591,0.9858028888702393
184a9768#0,184a9768,510,0.9684469699859619,0.9762081503868103
1990f7a8#0,1990f7a8,67,0.7476255297660828,
19bb5feb#0,19bb5feb,44,0.16710713505744934,0.28409090638160706
1a2e2828#0,1a2e2828,3,0.0,0.0
1a6449f1#0,1a6449f1,940,0.039062611758708954,
1c02dbbe#0,1c02dbbe,142,0.8647865056991577,0.8821596503257751
1c0d0a4b#0,1c0d0a4b,0,,
1c56ad9f#0,1c56ad9f,195,0.9214369654655457,
1da012fc#0,1da012fc,290,0.9344050884246826,0.9400653839111328
1e81d6f9#0,1e81d6f9,1,,0.995555579662323
2037f2c7#0,2037f2c7,485,0.24844525754451752,
2072aba6#0,2072aba6,43,0.7752245664596558,0.8630490899085999
21f83797#0,21f83797,5,0.9076923131942749,0.915976345539093
2546ccf6#0,2546ccf6,196,0.9717417359352112,0.9797796010971069
2685904e#0,2685904e,189,0.8762664794921875,
2697da3f#0,2697da3f,47,0.8244423270225525,
2753e76c#0,2753e76c,161,0.20254075527191162,0.03436853364109993
27a77e38#0,27a77e38,428,0.9481401443481445,0.9620687961578369
27f8ce4f#0,27f8ce4f,139,0.6820359826087952,0.7350564002990723
281123b4#0,281123b4,3,0.75,0.875
2b01abd0#0,2b01abd0,472,0.9476625919342041,
2c737e39#0,2c737e39,697,0.9016968607902527,
3194b014#0,3194b014,2,0.0,0.0
319f2597#0,319f2597,3,0.9699999690055847,0.9841666221618652
31d5ba1a#0,31d5ba1a,0,,
31d5ba1a#1,31d5ba1a,3,0.8666666150093079,0.9333333373069763
33b52de3#0,33b52de3,999,0.8383438587188721,
3490cc26#0,3490cc26,119,0.954226553440094,
34b99a2b#0,34b99a2b,12,0.8249999284744263,0.8999999165534973
351d6448#0,351d6448,824,0.427497535943985,
3d31c5b3#0,3d31c5b3,7,0.8809524774551392,0.9285714030265808
3f23242b#0,3f23242b,708,0.8355687856674194,
414297c0#0,414297c0,1001,0.1980161964893341,
42918530#0,42918530,297,0.9868139624595642,
45bbe264#0,45bbe264,0,,
477d2879#0,477d2879,369,0.6735476851463318,0.7129296660423279
47996f11#0,47996f11,1001,0.9561982750892639,
48131b3c#0,48131b3c,4,0.9375,0.96875
4852f2fa#0,4852f2fa,111,0.22724027931690216,0.062062062323093414
4852f2fa#1,4852f2fa,78,0.2948877513408661,0.1488603949546814
4c177718#0,4c177718,223,0.935106098651886,0.9412057399749756
4c177718#1,4c177718,241,0.9144070744514465,0.9075457453727722
4e469f39#0,4e469f39,109,0.8580581545829773,0.8901834487915039
4ff4c9da#0,4ff4c9da,645,0.9780445694923401,
505fff84#0,505fff84,578,0.28758224844932556,
50a16a69#0,50a16a69,4,0.3194444477558136,0.5763888955116272
5207a7b5#0,5207a7b5,59,0.9070069789886475,0.9445073008537292
5289ad53#0,5289ad53,282,0.08160886913537979,0.1075650155544281
52fd389e#0,52fd389e,73,0.9719384908676147,
55059096#0,55059096,39,0.9592210054397583,0.9735468626022339
5783df64#0,5783df64,59,0.5560750961303711,0.6798493266105652
59341089#0,59341089,0,,
5a5a2103#0,5a5a2103,141,0.9050039052963257,0.9281299114227295
5af49b42#0,5af49b42,843,0.9552065134048462,
5b526a93#0,5b526a93,403,0.9044119119644165,0.9242663979530334
5d2a5c43#0,5d2a5c43,4,0.4444444477558136,0.7083333134651184
5d2a5c43#1,5d2a5c43,7,0.9107142090797424,0.9523810148239136
604001fa#0,604001fa,329,0.8828284740447998,0.8758357763290405
60a26a3e#0,60a26a3e,89,0.9405515789985657,0.9564710259437561
639f5a19#0,639f5a19,1001,0.7819188237190247,
64a7c07e#0,64a7c07e,60,0.8864681124687195,
66e6c45b#0,66e6c45b,3,0.8541666865348816,0.8958333134651184
67636eac#0,67636eac,551,0.17443493008613586,0.0055958861485123634
67b4a34d#0,67b4a34d,972,0.3085685968399048,
67c52801#0,67c52801,66,0.8998879790306091,0.9287682771682739
692cd3b6#0,692cd3b6,59,0.7849158644676208,0.8699058890342712
695367ec#0,695367ec,162,0.22536253929138184,
69889d6e#0,69889d6e,34,0.8728699088096619,0.8811764717102051
6df30ad6#0,6df30ad6,5,0.8799999952316284,0.8799999952316284
6ea4a07e#0,6ea4a07e,24,0.5374396443367004,0.5740740895271301
6ea4a07e#1,6ea4a07e,13,0.5769230723381042,0.5128206014633179
7039b2d7#0,7039b2d7,13,0.0,0.0
705a3229#0,705a3229,129,0.9394255876541138,0.9605796337127686
712bf12e#0,712bf12e,196,0.9046247601509094,
73ccf9c2#0,73ccf9c2,633,0.2455451488494873,
759f3fd3#0,759f3fd3,0,,
762cd429#0,762cd429,85,0.7766993641853333,0.8602941036224365
782b5218#0,782b5218,23,0.7580632567405701,0.8495651483535767
79fb03f4#0,79fb03f4,594,0.9302221536636353,
7c8af763#0,7c8af763,457,0.831687867641449,0.8464113473892212
7d419a02#0,7d419a02,215,0.9642006158828735,
7ee1c6ea#0,7ee1c6ea,175,0.9386265873908997,0.9641143083572388
833dafe3#0,833dafe3,944,0.041228946298360825,
845d6e51#0,845d6e51,687,0.9360395669937134,0.9480881094932556
84f2aca1#0,84f2aca1,7,0.9819902777671814,0.9890109300613403
8597cfd7#0,8597cfd7,2,0.0,0.0
85fa5666#0,85fa5666,118,0.9172280430793762,
8719f442#0,8719f442,6,0.9742222428321838,0.9844445586204529
891232d6#0,891232d6,944,0.9048053026199341,
896d5239#0,896d5239,159,0.9455445408821106,0.960796594619751
8cb8642d#0,8cb8642d,598,0.9622846841812134,0.97295081615448
8dae5dfc#0,8dae5dfc,964,0.6916313171386719,
8e2edd66#0,8e2edd66,114,0.8510200381278992,0.8756768703460693
90347967#0,90347967,703,0.8704005479812622,
903d1b4a#0,903d1b4a,160,0.9723629951477051,0.968432605266571
9110e3c5#0,9110e3c5,56,0.5794371962547302,0.5972222089767456
9110e3c5#1,9110e3c5,69,0.544757068157196,0.5990338325500488
917bccba#0,917bccba,82,0.8773189783096313,0.9225948452949524
92e50de0#0,92e50de0,98,0.8720764517784119,0.931628942489624
9356391f#0,9356391f,68,0.8527628183364868,
93b4f4b3#0,93b4f4b3,402,0.6875025033950806,0.6439274549484253
94be5b80#0,94be5b80,886,0.9271080493927002,
95a58926#0,95a58926,1,,0.9898989796638489
97239e3d#0,97239e3d,310,0.9123134016990662,0.9302712678909302
992798f6#0,992798f6,61,0.9144873023033142,0.9193775653839111
99306f82#0,99306f82,985,0.8806290030479431,
9a4bb226#0,9a4bb226,61,0.3487553298473358,0.34608379006385803
9b2a60aa#0,9b2a60aa,318,0.953209400177002,
9bebae7a#0,9bebae7a,50,0.8977674841880798,0.8806060552597046
9ddd00f0#0,9ddd00f0,209,0.9497985243797302,0.9700592756271362
9f27f097#0,9f27f097,102,0.9676424264907837,
a096bf4d#0,a096bf4d,77,0.9664515256881714,
a3f84088#0,a3f84088,507,0.8018351793289185,
a406ac07#0,a406ac07,165,0.922983705997467,0.9459394812583923
a57f2f04#0,a57f2f04,601,0.9631921052932739,
a59b95c0#0,a59b95c0,6,0.0,0.16550926864147186
a680ac02#0,a680ac02,125,0.13136082887649536,0.02500000037252903
a8610ef7#0,a8610ef7,794,0.7101775407791138,
ac605cbb#0,ac605cbb,487,0.895038902759552,
ad7e01d0#0,ad7e01d0,892,0.5621501803398132,
ae58858e#0,ae58858e,12,0.9034090638160706,0.9236111640930176
aee291af#0,aee291af,149,0.8202648758888245,
af24b4cc#0,af24b4cc,12,0.9159091114997864,0.949999988079071
b15fca0b#0,b15fca0b,266,0.8402806520462036,0.8578195571899414
b457fec5#0,b457fec5,1001,0.6683803200721741,
b4a43f3b#0,b4a43f3b,597,0.8603042364120483,
b7999b51#0,b7999b51,205,0.13109636306762695,
b7f8a4d8#0,b7f8a4d8,790,0.9377129673957825,0.9354402422904968
ba9d41b8#0,ba9d41b8,61,0.8133630156517029,0.8419690728187561
baf41dbf#0,baf41dbf,273,0.9102417826652527,0.9012200832366943
bc4146bd#0,bc4146bd,8,0.7258929014205933,0.8578125238418579
bcb3040b#0,bcb3040b,108,0.9340324997901917,0.9449588060379028
bd14c3bf#0,bd14c3bf,132,0.8977023959159851,0.917044460773468
bf699163#0,bf699163,19,0.35607537627220154,0.09941520541906357
c074846d#0,c074846d,39,0.8979856967926025,0.9123139977455139
c074846d#1,c074846d,148,0.9248701930046082,0.9304531216621399
c1990cce#0,c1990cce,228,0.39671099185943604,
c35c1b4c#0,c35c1b4c,140,0.9296176433563232,0.9290714859962463
c48954c1#0,c48954c1,13,0.9547324776649475,0.9753087162971497
c62e2108#0,c62e2108,239,0.9411373138427734,0.9009617567062378
c663677b#0,c663677b,0,,
c6e1b8da#0,c6e1b8da,478,0.9369471073150635,
c92b942c#0,c92b942c,206,0.6747804284095764,
c97c0139#0,c97c0139,15,0.8603174686431885,0.9292928576469421
ca8f78db#0,ca8f78db,90,0.9294072389602661,0.9630988240242004
cb227835#0,cb227835,110,0.9208635687828064,0.9399100542068481
ce039d91#0,ce039d91,155,0.9417460560798645,
d017b73f#0,d017b73f,23,0.5307264924049377,0.6884058117866516
d282b262#0,d282b262,971,0.8562635779380798,
d2acf2cb#0,d2acf2cb,45,0.811335563659668,0.8385186195373535
d37a1ef5#0,d37a1ef5,28,0.9716286659240723,0.9764194488525391
d47aa2ff#0,d47aa2ff,10,0.9784445762634277,0.9850000143051147
d492a647#0,d492a647,2,0.886274516582489,0.9431372880935669
d4b1c2b1#0,d4b1c2b1,141,0.5459355711936951,
d56f2372#0,d56f2372,448,0.05439630150794983,
d931c21c#0,d931c21c,488,0.7238011360168457,0.8061111569404602
da2b0fe3#0,da2b0fe3,103,0.8501541614532471,0.8561163544654846
da2b0fe3#1,da2b0fe3,236,0.8213760256767273,0.8090255260467529
da515329#0,da515329,70,0.8748587965965271,
dc2aa30b#0,dc2aa30b,570,0.7628672122955322,
de493100#0,de493100,989,0.08204079419374466,
e0fb7511#0,e0fb7511,7,0.9814032316207886,0.978022038936615
e1baa8a4#0,e1baa8a4,619,0.15010681748390198,
e2092e0c#0,e2092e0c,195,0.8369277715682983,0.8745527267456055
e21a174a#0,e21a174a,264,0.6927815675735474,0.6745516657829285
e21a174a#1,e21a174a,891,0.816065788269043,
e57337a4#0,e57337a4,61,0.632908284664154,0.6520947813987732
e5790162#0,e5790162,165,0.8554255962371826,0.8808081150054932
e5c44e8f#0,e5c44e8f,356,0.8410546183586121,
e619ca6e#0,e619ca6e,67,0.8814681172370911,
e6de6e8f#0,e6de6e8f,77,0.7726113200187683,
e78887d1#0,e78887d1,330,0.7011398673057556,
e7a25a18#0,e7a25a18,170,0.16915661096572876,0.17588236927986145
e7b06bea#0,e7b06bea,73,0.9458631873130798,0.9539996385574341
e872b94a#0,e872b94a,6,0.0,0.0
e88171ec#0,e88171ec,2,0.9931972622871399,0.9965986013412476
ea959feb#0,ea959feb,999,0.9378371238708496,
ea9794b1#0,ea9794b1,1,,0.9599999785423279
ed74f2f2#0,ed74f2f2,17,0.42238563299179077,0.3660130798816681
ed98d772#0,ed98d772,519,0.6537482738494873,
f0afb749#0,f0afb749,53,0.7550798058509827,0.8480084538459778
f3e62deb#0,f3e62deb,66,0.8280559778213501,0.8330303430557251
f3e62deb#1,f3e62deb,90,0.8408015370368958,0.8298889398574829
f45f5ca7#0,f45f5ca7,297,0.897863507270813,0.8798316121101379
f5c89df1#0,f5c89df1,248,0.9485434293746948,
f83cb3f6#0,f83cb3f6,15,0.8512380719184875,0.9222222566604614
f9a67cb5#0,f9a67cb5,339,0.8689413070678711,0.8997331261634827
fafd9572#0,fafd9572,658,0.8508020043373108,
fb791726#0,fb791726,402,0.3367393910884857,0.5225046873092651
fd096ab6#0,fd096ab6,988,0.907223105430603,
fd4b2b02#0,fd4b2b02,253,0.8726263046264648,
fea12743#0,fea12743,725,0.8576523065567017,
ff72ca3e#0,ff72ca3e,553,0.8567237854003906,
