task_id,puzzle_id,pair_index,emitted_candidates,distinct_candidate_grids,orbit_dispersion,majority_vote_mass,top2_vote_mass,top5_vote_mass,mean_candidate_multiplicity,max_candidate_multiplicity,singleton_grid_fraction,invalid_emissions,invalid_emission_fraction,b1_correct,d_count_distinct,d_count_multiset,d_count_non_identical_support,split
00576224#0,00576224,0,1001,1,0.0,1.0,1.0,1.0,1001.0,1001,0.0,0,0.0,1.0,,,,dev
009d5c81#0,009d5c81,0,1001,28,0.08316620457104706,0.4985014985014985,0.7472527472527473,0.9770229770229771,35.75,499,0.8214285714285714,0,0.0,0.0,-0.08792806373541882,-0.06477640662851065,-0.4845931179424025,test
00dbd492#0,00dbd492,0,1001,132,0.1332742117111413,0.2047952047952048,0.3306693306693307,0.5124875124875125,7.583333333333333,205,0.5454545454545454,0,0.0,1.0,0.296491178403016,0.2619811627753048,0.17560889706171356,test
03560426#0,03560426,0,1001,645,0.09950596796400779,0.03696303696303696,0.06693306693306693,0.13786213786213786,1.551937984496124,37,0.8527131782945736,0,0.0,0.0,0.14524792782448825,0.16962890673069347,0.16428961319015234,dev
05a7bcf2#0,05a7bcf2,0,1001,952,0.12855611266979972,0.006993006993006993,0.012987012987012988,0.023976023976023976,1.0514705882352942,7,0.9653361344537815,0,0.0,0.0,0.19334024390223445,0.19560808259548543,0.19268515438934417,dev
0607ce86#0,0607ce86,0,1001,8,0.0022521069266312477,0.987012987012987,0.991008991008991,0.997002997002997,125.125,988,0.5,0,0.0,1.0,0.10911793526715807,0.15311803250717015,-0.421074589394718,dev
0692e18c#0,0692e18c,0,1001,10,0.004213148094288632,0.8681318681318682,0.9330669330669331,0.9930069930069931,100.1,869,0.3,0,0.0,1.0,0.1517093301642839,0.6462303276414968,0.3938927711338647,test
070dd51e#0,070dd51e,0,1001,7,0.00026894693709056394,0.9920079920079921,0.9950049950049951,0.998001998001998,143.0,993,0.7142857142857143,0,0.0,1.0,0.04536092116265145,0.1336306209562122,-0.7572401854185358,test
08573cc6#0,08573cc6,0,1001,424,0.21102946871209893,0.061938061938061936,0.12087912087912088,0.2277722277722278,2.3608490566037736,62,0.7900943396226415,0,0.0,0.0,0.2033926651888921,0.32257601240954786,0.3004944461577815,dev
0934a4d8#0,0934a4d8,0,1001,998,0.9182841300682424,0.001998001998001998,0.003996003996003996,0.007992007992007992,1.003006012024048,2,0.996993987975952,0,0.0,0.0,0.04018359096714864,0.04262954906417018,0.04062831042835544,test
09c534e7#0,09c534e7,0,1001,548,0.06672901528745934,0.04095904095904096,0.08191808191808192,0.17082917082917082,1.8266423357664234,41,0.8613138686131386,0,0.0,0.0,-0.04113451489189277,0.22285299235488196,0.20060219368124613,test
0a1d4ef5#0,0a1d4ef5,0,1001,50,0.33348424315231406,0.24375624375624375,0.42057942057942055,0.7262737262737263,20.02,244,0.42,3,0.002997002997002997,0.0,0.4453193336990496,0.4973771911005047,0.42290065876455823,dev
0a2355a6#0,0a2355a6,0,1001,472,0.20836578487494628,0.08691308691308691,0.16583416583416583,0.28471528471528473,2.1207627118644066,87,0.8686440677966102,0,0.0,0.0,-0.12202676787007821,-0.11632955774818471,-0.14293092607689037,dev
0b17323b#0,0b17323b,0,288,51,0.015213260534909345,0.2951388888888889,0.5,0.6631944444444444,5.647058823529412,85,0.6470588235294118,0,0.0,0.0,0.32544224100873803,0.37743018337842416,0.3402172636127425,dev
0bb8deee#0,0bb8deee,0,1001,369,0.44800010321689343,0.11988011988011989,0.18981018981018982,0.27172827172827174,2.7127371273712737,120,0.6883468834688347,0,0.0,0.0,0.2271337162915944,0.23405815166529714,0.21127810652120332,dev
0becf7df#0,0becf7df,0,1001,120,0.12620074050624674,0.4435564435564436,0.7772227772227773,0.8631368631368633,8.341666666666667,444,0.8583333333333333,0,0.0,1.0,0.16182883028005138,0.2078860782405312,0.07446173816398555,dev
0c786b71#0,0c786b71,0,1001,9,0.0028419789454481315,0.9690309690309691,0.9910089910089911,0.996003996003996,111.22222222222223,970,0.6666666666666666,0,0.0,1.0,0.8416254115301731,0.8416254115301731,0.5643840994967044,test
0c9aba6e#0,0c9aba6e,0,1001,1,0.0,1.0,1.0,1.0,1001.0,1001,0.0,0,0.0,1.0,,,,dev
0d87d2a6#0,0d87d2a6,0,576,276,0.04221732815494761,0.2378472222222222,0.2899305555555555,0.3611111111111111,2.0869565217391304,137,0.8297101449275363,0,0.0,0.0,-0.059179138314230356,0.11382232324573793,0.06834180670707136,dev
0e671a1a#0,0e671a1a,0,1001,18,0.006731334906670217,0.968031968031968,0.975024975024975,0.985014985014985,55.611111111111114,969,0.6111111111111112,0,0.0,1.0,0.3486128206485702,0.3144581861931359,0.18137288641851287,test
0f63c0b9#0,0f63c0b9,0,1001,13,0.005994888697820833,0.4305694305694306,0.8561438561438561,0.974025974025974,77.0,431,0.38461538461538464,0,0.0,0.0,0.3870013346714805,0.5030256016762295,0.2599907604169276,dev
103eff5b#0,103eff5b,0,1001,498,0.12347366225360745,0.052947052947052944,0.1048951048951049,0.1838161838161838,2.0100401606425704,53,0.7429718875502008,0,0.0,0.0,0.009381196924831142,0.06618204266595866,0.040122437371454836,test
11e1fe23#0,11e1fe23,0,1001,234,0.01872205407355687,0.09090909090909091,0.15384615384615385,0.30369630369630374,4.277777777777778,91,0.6025641025641025,0,0.0,0.0,0.4414304082031085,0.45855205880414285,0.44424215005313217,dev
12422b43#0,12422b43,0,1001,216,0.06064457500247811,0.18981018981018982,0.28771228771228774,0.3986013986013986,4.6342592592592595,190,0.5925925925925926,0,0.0,0.0,0.3985292192897202,0.38195593290556185,0.36194985720513306,test
12997ef3#0,12997ef3,0,1001,339,0.6681775365621456,0.1088911088911089,0.1838161838161838,0.31368631368631367,2.9528023598820057,109,0.6784660766961652,0,0.0,0.0,0.09922776397273798,0.14814090882184186,0.1187221799246699,test
12997ef3#1,12997ef3,1,1001,242,0.8169537644308206,0.16083916083916083,0.21678321678321677,0.35764235764235763,4.136363636363637,161,0.7231404958677686,0,0.0,0.0,-0.02610105965361814,0.16563481089497034,0.06301462891934441,test
12eac192#0,12eac192,0,1001,488,0.12402657282777163,0.07292707292707293,0.09290709290709291,0.14185814185814188,2.0512295081967213,73,0.680327868852459,0,0.0,0.0,0.35174496307444175,0.35706601444469144,0.34616386573330055,dev
136b0064#0,136b0064,0,1001,891,0.22601595102286687,0.022977022977022976,0.04295704295704296,0.06593406593406594,1.123456790123457,23,0.9539842873176206,0,0.0,0.0,0.16071340356534922,0.17233252411183336,0.17027078910654161,test
13713586#0,13713586,0,1001,40,0.007358760814376475,0.922077922077922,0.9340659340659341,0.9520479520479521,25.025,923,0.6,0,0.0,1.0,0.27820293174234023,0.2571108475109586,0.14696622541410959,test
137f0df0#0,137f0df0,0,1001,2,1.996004088467007e-05,0.999000999000999,1.0,1.0,500.5,1000,0.5,0,0.0,1.0,,0.9999999999999999,,dev
140c817e#0,140c817e,0,1001,17,0.002109044103571933,0.8871128871128872,0.9230769230769231,0.9800199800199801,58.88235294117647,888,0.4117647058823529,0,0.0,1.0,0.47394111363913854,0.5185323474492726,0.43189795033244077,dev
14754a24#0,14754a24,0,1001,10,0.00623579278003894,0.7182817182817183,0.8751248751248751,0.983016983016983,100.1,719,0.4,0,0.0,1.0,0.33767555271603467,0.4203126588721611,0.1254664653349735,dev
15113be4#0,15113be4,0,1001,651,0.024277792108882035,0.07392607392607392,0.12987012987012986,0.18181818181818182,1.5376344086021505,74,0.8571428571428571,0,0.0,0.0,0.1244513346771677,0.12549500579649578,0.11739592854509223,test
15663ba9#0,15663ba9,0,1001,152,0.010896320495900391,0.23376623376623376,0.4055944055944056,0.5724275724275725,6.5855263157894735,234,0.6118421052631579,0,0.0,0.0,0.38806090565755236,0.39217689499323627,0.3729258684932942,test
15696249#0,15696249,0,1001,138,0.3990860158029377,0.3226773226773227,0.5804195804195804,0.7882117882117883,7.253623188405797,323,0.8623188405797102,0,0.0,0.0,-0.05712025031753876,-0.0018717327086166262,-0.10114599584058033,dev
16b78196#0,16b78196,0,1001,997,0.09963460240991973,0.003996003996003996,0.005994005994005994,0.008991008991008992,1.004012036108325,4,0.9979939819458375,0,0.0,0.0,-0.07722585954827775,-0.07656353966083199,-0.07726476410823456,test
17b80ad2#0,17b80ad2,0,1001,145,0.0588161110068629,0.26673326673326675,0.3906093906093906,0.5644355644355644,6.903448275862069,267,0.6206896551724138,0,0.0,1.0,0.078886897836502,0.07598101396916744,0.039738176889071365,dev
17cae0c1#0,17cae0c1,0,1001,600,0.7723022514007531,0.06993006993006994,0.1078921078921079,0.19080919080919084,1.6683333333333332,70,0.845,0,0.0,0.0,-0.0015038776699655043,0.05031348553616261,0.014082293177823436,dev
18419cfa#0,18419cfa,0,576,150,0.01611413193089073,0.1684027777777778,0.30208333333333337,0.4392361111111111,3.84,97,0.6266666666666667,0,0.0,0.0,0.03609904004834417,0.047275956341367324,-0.00834704235893871,test
184a9768#0,184a9768,0,1001,511,0.027022333253552966,0.03496503496503497,0.06993006993006994,0.13986013986013987,1.9589041095890412,35,0.7377690802348337,0,0.0,0.0,0.19469058550654697,0.20953051007689286,0.2005812148175557,test
195ba7dc#0,195ba7dc,0,1001,3,0.0001330671770548575,0.998001998001998,0.9990009990009989,0.9999999999999999,333.6666666666667,999,0.6666666666666666,0,0.0,1.0,1.0,1.0,1.0,dev
1990f7a8#0,1990f7a8,0,72,67,0.24796862857715218,0.05555555555555555,0.09722222222222221,0.1388888888888889,1.0746268656716418,4,0.9701492537313433,0,0.0,0.0,-0.006226667732606359,0.007445077369102537,-0.04209852839619799,test
19bb5feb#0,19bb5feb,0,1001,45,0.4266645775128758,0.2647352647352647,0.4705294705294705,0.7832167832167831,22.244444444444444,265,0.5111111111111111,0,0.0,0.0,0.6399020185006667,0.5967795440985397,0.5436942785639528,test
1a2e2828#0,1a2e2828,0,1001,4,0.3650834679805709,0.7632367632367633,0.9920079920079921,1.0,250.25,764,0.25,0,0.0,1.0,,1.0,,test
1a6449f1#0,1a6449f1,0,1001,940,0.9611447028188597,0.008991008991008992,0.016983016983016984,0.027972027972027972,1.0648936170212766,9,0.9617021276595744,1,0.000999000999000999,0.0,-0.0628886016935169,-0.037816658069692186,-0.05253871995284201,test
1acc24af#0,1acc24af,0,1001,96,0.043197368159766714,0.26673326673326675,0.4915084915084915,0.6913086913086912,10.427083333333334,267,0.65625,0,0.0,0.0,0.13640086638443905,0.11140489324412961,-0.00933117188862106,dev
1c02dbbe#0,1c02dbbe,0,1001,143,0.0634224518035359,0.6453546453546454,0.6693306693306693,0.7182817182817183,7.0,646,0.6713286713286714,0,0.0,1.0,0.26398535154402153,0.32116463377968296,0.2929721905663238,test
1c0d0a4b#0,1c0d0a4b,0,576,1,0.0,1.0,1.0,1.0,576.0,576,0.0,0,0.0,1.0,,,,test
1c56ad9f#0,1c56ad9f,0,1001,195,0.07832999960466525,0.1028971028971029,0.19080919080919082,0.4045954045954046,5.133333333333334,103,0.6820512820512821,0,0.0,0.0,-0.017556981668848014,0.06460590280264852,-0.04725724104850426,test
1d0a4b61#0,1d0a4b61,0,1001,720,0.029848481210381195,0.26573426573426573,0.2697302697302697,0.2767232767232767,1.3902777777777777,266,0.9805555555555555,2,0.001998001998001998,1.0,0.18882751006832607,0.1948759615779121,0.18722880783178175,dev
1d398264#0,1d398264,0,1001,4,0.00019366788095531717,0.996003996003996,0.9980019980019981,1.0,250.25,997,0.5,0,0.0,1.0,-0.7777777777777779,0.316227766016838,-0.7378647873726218,dev
1d398264#1,1d398264,1,1001,9,0.009405180234351107,0.7232767232767233,0.8591408591408591,0.961038961038961,111.22222222222223,724,0.0,0,0.0,1.0,0.3207007995764944,0.3666666666666667,0.0,dev
1da012fc#0,1da012fc,0,1001,291,0.06120137140121362,0.07592407592407592,0.12187812187812187,0.21978021978021978,3.4398625429553267,76,0.6254295532646048,0,0.0,0.0,0.055094511888971374,0.09164138991261664,0.04935086603696422,test
1e81d6f9#0,1e81d6f9,0,1001,2,8.871089624995498e-06,0.999000999000999,1.0,1.0,500.5,1000,0.5,0,0.0,1.0,,0.9999999999999999,,test
1e97544e#0,1e97544e,0,1001,493,0.011843920249305584,0.03796203796203796,0.06693306693306693,0.11288711288711288,2.030425963488844,38,0.6876267748478702,0,0.0,0.0,0.2652868915081619,0.2718904432064643,0.2609563983668899,dev
2037f2c7#0,2037f2c7,0,1001,485,0.7134768477264168,0.06293706293706294,0.1118881118881119,0.1838161838161838,2.063917525773196,63,0.7402061855670103,0,0.0,0.0,0.2237894906504393,0.20438106458683103,0.1816821839183688,test
2072aba6#0,2072aba6,0,1001,44,0.08528417891192042,0.7262737262737263,0.8061938061938062,0.908091908091908,22.75,727,0.5227272727272727,0,0.0,1.0,0.16421467096293915,0.19685365229598248,0.07980965903162701,test
20818e16#0,20818e16,0,1001,828,0.7272342521239166,0.03796203796203796,0.050949050949050945,0.07692307692307693,1.208937198067633,38,0.9214975845410628,0,0.0,0.0,0.05462343113341974,0.061086543496834754,0.05304932005360531,dev
20981f0e#0,20981f0e,0,576,6,0.0004335913238011635,0.9565972222222222,0.9756944444444444,0.9982638888888888,96.0,551,0.16666666666666666,0,0.0,1.0,0.6210590034081188,1.0,0.5428571428571429,dev
212895b5#0,212895b5,0,1001,422,0.05450753891534943,0.1108891108891109,0.16583416583416583,0.23076923076923075,2.3720379146919433,111,0.7298578199052133,0,0.0,0.0,0.17062697020386106,0.1952662259305049,0.18117586421036508,dev
21f83797#0,21f83797,0,576,6,0.0014516457507134373,0.9913194444444444,0.9930555555555556,0.9982638888888891,96.0,571,0.8333333333333334,0,0.0,1.0,-0.39279220242478635,0.6546536707079772,0.13093073414159545,test
22a4bbc2#0,22a4bbc2,0,1001,262,0.2953102891221787,0.13386613386613386,0.19580419580419578,0.33666333666333664,3.8206106870229006,134,0.7137404580152672,0,0.0,1.0,0.006907006996949667,0.01740001447489035,-0.02187016543636854,dev
25094a63#0,25094a63,0,1001,12,0.005044125890875217,0.945054945054945,0.975024975024975,0.993006993006993,83.41666666666667,946,0.6666666666666666,0,0.0,1.0,0.40218808345451484,0.536699275482591,0.2496275699919028,dev
2546ccf6#0,2546ccf6,0,1001,197,0.012925542742036389,0.4275724275724276,0.4955044955044955,0.6203796203796204,5.081218274111675,428,0.751269035532995,0,0.0,1.0,0.2969688204041113,0.30545851894797127,0.2970793911164383,test
256b0a75#0,256b0a75,0,1001,35,0.004316278018689168,0.8401598401598401,0.8801198801198801,0.9230769230769231,28.6,841,0.5428571428571428,0,0.0,1.0,-0.11708883500479657,-0.13083684562380116,-0.25693544099720766,dev
2685904e#0,2685904e,0,1001,189,0.09296956705746606,0.23776223776223776,0.4095904095904096,0.5754245754245755,5.296296296296297,238,0.6666666666666666,0,0.0,0.0,0.2000693480319497,0.3230738484681101,0.25789251522025425,test
2697da3f#0,2697da3f,0,72,47,0.141690671397948,0.2777777777777778,0.3194444444444445,0.40277777777777785,1.5319148936170213,20,0.8723404255319149,0,0.0,0.0,0.20916062180669742,0.21365118859166946,0.12064656095624865,test
2753e76c#0,2753e76c,0,1001,162,0.6176668708030866,0.2017982017982018,0.3706293706293706,0.5114885114885115,6.179012345679013,202,0.5864197530864198,0,0.0,0.0,0.2569865293114236,0.2940331522559552,0.18907046945599318,test
27a77e38#0,27a77e38,0,1001,429,0.03560873192338254,0.03796203796203796,0.07392607392607392,0.16383616383616384,2.3333333333333335,38,0.7785547785547785,0,0.0,0.0,0.593577414552098,0.5961031726041653,0.5858963555578711,test
27f8ce4f#0,27f8ce4f,0,1001,140,0.2307978493568681,0.6443556443556444,0.7242757242757243,0.8311688311688311,7.15,645,0.8428571428571429,0,0.0,1.0,-0.035139115814271385,0.04503030533115852,-0.013729510003531068,test
281123b4#0,281123b4,0,1001,4,0.001868012107772321,0.994005994005994,0.997002997002997,1.0,250.25,995,0.25,0,0.0,1.0,0.316227766016838,0.39999999999999997,-0.6000000000000001,test
292dd178#0,292dd178,0,1001,11,0.0005900432407212053,0.9820179820179821,0.9880119880119881,0.9940059940059941,91.0,983,0.6363636363636364,0,0.0,1.0,0.717620649347067,0.6738709042282581,0.5580493425640263,dev
29700607#0,29700607,0,1001,131,0.03732502734767906,0.2897102897102897,0.46353646353646355,0.5654345654345654,7.641221374045801,290,0.5190839694656488,0,0.0,0.0,0.14233371686018828,0.41939411710506747,0.38819153152551855,dev
2a5f8217#0,2a5f8217,0,1001,283,0.054717736598778766,0.15484515484515485,0.2257742257742258,0.33466533466533466,3.537102473498233,155,0.657243816254417,0,0.0,0.0,0.3197627193172737,0.34828594384829475,0.3345693333883572,dev
2b01abd0#0,2b01abd0,0,1001,472,0.0404175441686343,0.23276723276723277,0.26473526473526476,0.3536463536463537,2.1207627118644066,233,0.8580508474576272,0,0.0,0.0,0.13841305110568305,0.2231367957724854,0.21374526769076244,test
2c0b0aff#0,2c0b0aff,0,576,425,0.8424082087328798,0.046875,0.08333333333333334,0.140625,1.3552941176470588,27,0.9011764705882352,0,0.0,0.0,0.06760354304229776,0.14213847928516762,0.10675519509530859,dev
2c737e39#0,2c737e39,0,1001,697,0.09289400887995825,0.03496503496503497,0.059940059940059943,0.09690309690309691,1.4361549497847919,35,0.8622668579626973,0,0.0,0.0,0.16006094642267543,0.18372052013124282,0.17721643337396406,test
2f0c5170#0,2f0c5170,0,1001,369,0.5555684238097953,0.06893106893106893,0.12987012987012986,0.2277722277722278,2.7127371273712737,69,0.7479674796747967,0,0.0,0.0,0.12845183142665906,0.15976831293957855,0.10941739384416493,dev
310f3251#0,310f3251,0,1001,37,0.09664443384312926,0.3146853146853147,0.5254745254745254,0.9110889110889111,27.054054054054053,315,0.5405405405405406,0,0.0,1.0,-0.18350472926766426,-0.16972696621290342,-0.29589110865295953,dev
3194b014#0,3194b014,0,1001,3,0.00399001597802795,0.998001998001998,0.9990009990009989,0.9999999999999999,333.6666666666667,999,0.6666666666666666,0,0.0,1.0,,1.0,,test
319f2597#0,319f2597,0,1001,4,9.48003331531222e-05,0.997002997002997,0.998001998001998,0.9999999999999999,250.25,998,0.75,0,0.0,1.0,0.5443310539518174,0.7745966692414834,-0.2581988897471611,test
31adaf00#0,31adaf00,0,576,67,0.047708754754340665,0.2673611111111111,0.53125,0.703125,8.597014925373134,154,0.6119402985074627,0,0.0,0.0,0.2167914255791771,0.3076392683759057,0.24173606023328492,dev
31d5ba1a#0,31d5ba1a,0,1001,1,0.0,1.0,1.0,1.0,1001.0,1001,0.0,0,0.0,1.0,,,,test
31d5ba1a#1,31d5ba1a,1,1001,4,0.0005320020986939733,0.996003996003996,0.9980019980019981,1.0,250.25,997,0.5,0,0.0,1.0,0.8164965809277261,1.0,1.0,test
32e9702f#0,32e9702f,0,1001,157,0.04020117432011194,0.11788211788211789,0.2107892107892108,0.4215784215784216,6.375796178343949,118,0.5923566878980892,0,0.0,0.0,0.4713235188632642,0.4856633651725081,0.461482960582729,dev
332efdb3#0,332efdb3,0,9,4,0.06978879887380718,0.6666666666666666,0.7777777777777777,1.0,2.25,6,0.75,0,0.0,1.0,0.5773502691896257,0.7745966692414834,0.2581988897471611,dev
3391f8c0#0,3391f8c0,0,1001,276,0.05927555349958369,0.0939060939060939,0.16683316683316685,0.29270729270729273,3.6268115942028984,94,0.605072463768116,0,0.0,0.0,0.18895637558424255,0.21382765425426378,0.18951004653581863,dev
33b52de3#0,33b52de3,0,1001,999,0.16149768889987715,0.002997002997002997,0.003996003996003996,0.006993006993006993,1.002002002002002,3,0.998998998998999,0,0.0,0.0,-0.005378437939429487,-0.004061269488908055,-0.005707730092519428,test
3490cc26#0,3490cc26,0,1001,119,0.03269010608490286,0.3386613386613387,0.6163836163836164,0.7882117882117882,8.411764705882353,339,0.8487394957983193,0,0.0,0.0,-0.08840457252687256,-0.02928624879225022,-0.11019900754829165,test
34b99a2b#0,34b99a2b,0,1001,13,0.002491414796865654,0.987012987012987,0.989010989010989,0.992007992007992,77.0,988,0.8461538461538461,0,0.0,1.0,0.39364791081110856,0.5248638810814781,0.10497277621629561,test
351d6448#0,351d6448,0,1001,824,0.6312664211875738,0.02197802197802198,0.03496503496503497,0.06593406593406594,1.2148058252427185,22,0.9271844660194175,22,0.02197802197802198,0.0,0.08269651246066524,0.093139245477378,0.08093737912181813,test
358ba94e#0,358ba94e,0,1001,39,0.10690736457521399,0.24175824175824176,0.3676323676323676,0.6803196803196803,25.666666666666668,242,0.3076923076923077,0,0.0,0.0,0.19046722251283904,0.29704117386357665,0.11040013147059845,dev
37d3e8b2#0,37d3e8b2,0,1001,419,0.1976870274178545,0.14685314685314685,0.21878121878121878,0.35764235764235763,2.389021479713604,147,0.8758949880668258,0,0.0,0.0,0.06744991322942763,0.07178299115021046,0.048307630333158054,dev
3979b1a8#0,3979b1a8,0,1001,6,0.004067680495206782,0.994005994005994,0.996003996003996,0.9990009990009989,166.83333333333334,995,0.6666666666666666,0,0.0,1.0,0.1740776559556978,0.1740776559556978,-0.80075721739621,dev
3a301edc#0,3a301edc,0,1001,14,0.0026304649866579766,0.949050949050949,0.979020979020979,0.99000999000999,71.5,950,0.5714285714285714,0,0.0,0.0,-0.04030268509207456,0.07799080767991881,-0.18522816823980717,dev
3b4c2228#0,3b4c2228,0,1001,36,0.15155911316004467,0.45754245754245754,0.7842157842157842,0.8931068931068931,27.805555555555557,458,0.3055555555555556,0,0.0,0.0,0.41972656054386215,0.537834742496938,0.48950034893109035,dev
3b4c2228#1,3b4c2228,1,1001,81,0.22157328787285946,0.3006993006993007,0.4905094905094905,0.7152847152847153,12.358024691358025,301,0.4444444444444444,0,0.0,1.0,0.3304954406840829,0.45480204370580923,0.435307635453959,dev
3d31c5b3#0,3d31c5b3,0,1001,8,0.006968170756440295,0.938061938061938,0.958041958041958,0.997002997002997,125.125,939,0.375,0,0.0,1.0,0.6421710925161951,0.9697815168769668,0.6506129163858132,test
3ed85e70#0,3ed85e70,0,1001,946,0.028565343434526436,0.007992007992007992,0.012987012987012988,0.024975024975024976,1.058139534883721,8,0.9630021141649049,0,0.0,0.0,0.12643915783451434,0.1499125368423726,0.14709714096756865,dev
3ee1011a#0,3ee1011a,0,1001,216,0.7384048490430997,0.17082917082917082,0.2817182817182817,0.4785214785214785,4.6342592592592595,171,0.6620370370370371,0,0.0,0.0,0.1943146810716273,0.3380124995255975,0.23501064274663955,dev
3f23242b#0,3f23242b,0,1001,708,0.15261709542545876,0.03596403596403597,0.05794205794205795,0.09690309690309691,1.4138418079096045,36,0.8742937853107344,0,0.0,0.0,0.15680833431118954,0.16173822354363476,0.15441539146043848,test
40f6cd08#0,40f6cd08,0,1001,992,0.11429489733536446,0.003996003996003996,0.005994005994005994,0.011988011988011988,1.0090725806451613,4,0.9929435483870968,0,0.0,1.0,-0.0515847212921848,-0.05108057822722061,-0.05187969526075913,dev
414297c0#0,414297c0,0,1001,1001,0.8011826321728884,0.000999000999000999,0.001998001998001998,0.004995004995004995,1.0,1,1.0,0,0.0,0.0,,,,test
423a55dc#0,423a55dc,0,1001,103,0.029607581982189157,0.27172827172827174,0.44655344655344653,0.6953046953046953,9.718446601941748,272,0.6796116504854369,0,0.0,0.0,0.559387513377702,0.6655834568040386,0.6388669956135269,dev
42918530#0,42918530,0,1001,297,0.011627049206169526,0.057942057942057944,0.10589410589410589,0.22277722277722278,3.3703703703703702,58,0.6026936026936027,0,0.0,0.0,0.1614532442486689,0.297758923147479,0.27818848219288494,test
42a15761#0,42a15761,0,72,72,0.046925764139971626,0.013888888888888888,0.027777777777777776,0.06944444444444445,1.0,1,1.0,0,0.0,0.0,,,,dev
4364c1c4#0,4364c1c4,0,1001,223,0.07564794517456197,0.08091908091908091,0.14685314685314685,0.2937062937062937,4.488789237668161,81,0.5874439461883408,0,0.0,0.0,0.11161981967257004,0.1278408978491338,0.0955352222893352,dev
456873bc#0,456873bc,0,1001,494,0.038844095402862044,0.05094905094905095,0.0979020979020979,0.1888111888111888,2.026315789473684,51,0.7672064777327935,0,0.0,0.0,0.3320262938997135,0.33855648518859777,0.33346318648771545,dev
45737921#0,45737921,0,1001,1,0.0,1.0,1.0,1.0,1001.0,1001,0.0,0,0.0,1.0,,,,dev
45bbe264#0,45bbe264,0,1001,1,0.0,1.0,1.0,1.0,1001.0,1001,0.0,0,0.0,1.0,,,,test
477d2879#0,477d2879,0,1001,370,0.22848894480326576,0.11588411588411589,0.17782217782217782,0.29070929070929075,2.7054054054054055,116,0.7513513513513513,0,0.0,1.0,0.1582271439847003,0.3200291838591832,0.3108902111645684,test
47996f11#0,47996f11,0,1001,1001,0.04375795597190868,0.000999000999000999,0.001998001998001998,0.004995004995004995,1.0,1,1.0,0,0.0,0.0,,,,test
48131b3c#0,48131b3c,0,1001,5,0.0004050020908162866,0.993006993006993,0.996003996003996,1.0,200.2,994,0.4,0,0.0,1.0,0.5526315789473686,0.6155870112510925,0.05129891760425771,test
4852f2fa#0,4852f2fa,0,576,112,0.7420891562102088,0.234375,0.3298611111111111,0.4722222222222222,5.142857142857143,135,0.6964285714285714,0,0.0,0.0,-0.04173736282975252,-0.009534964425904508,-0.116670920641475,test
4852f2fa#1,4852f2fa,1,576,79,0.584173934511915,0.3819444444444444,0.6006944444444444,0.6909722222222221,7.291139240506329,220,0.5569620253164557,0,0.0,0.0,0.046777732928165984,0.08917573964099358,-0.03304453629216699,test
48f8583b#0,48f8583b,0,1001,201,0.45977992890451425,0.4045954045954046,0.6183816183816184,0.7112887112887113,4.980099502487562,405,0.8557213930348259,0,0.0,1.0,-0.08032153706388737,-0.01879425769384615,-0.10621700324999686,dev
4aab4007#0,4aab4007,0,1001,997,0.12738374706034183,0.001998001998001998,0.003996003996003996,0.008991008991008992,1.004012036108325,2,0.995987963891675,1,0.000999000999000999,0.0,-0.03156218342225889,-0.03065252345825318,-0.03181027016464002,dev
4acc7107#0,4acc7107,0,1001,960,0.2786206999329116,0.00999000999000999,0.014985014985014984,0.026973026973026972,1.0427083333333333,10,0.978125,0,0.0,0.0,-0.07021049273660424,-0.06668212605866225,-0.06818831444672382,dev
4b6b68e5#0,4b6b68e5,0,1001,337,0.1061127735067674,0.0989010989010989,0.17182817182817184,0.31868131868131866,2.970326409495549,99,0.7863501483679525,0,0.0,0.0,0.1318536724871887,0.12254314977157463,0.09860739698987465,dev
4c177718#0,4c177718,0,1001,224,0.04949103984421921,0.14385614385614387,0.20179820179820182,0.33766233766233766,4.46875,144,0.6383928571428571,0,0.0,0.0,0.16831866478568092,0.20556232090310636,0.184496609011376,test
4c177718#1,4c177718,1,1001,242,0.08041573535205349,0.10589410589410589,0.2017982017982018,0.32967032967032966,4.136363636363637,106,0.5950413223140496,0,0.0,0.0,0.04069986515631762,0.09918214251592224,0.0643995227808182,test
4cd1b7b2#0,4cd1b7b2,0,1001,49,0.12453268509712068,0.38161838161838163,0.5114885114885115,0.7842157842157843,20.428571428571427,382,0.4897959183673469,0,0.0,1.0,0.26669970454044284,0.24318373916918332,0.10625007664371702,dev
4e45f183#0,4e45f183,0,1001,53,0.003515657392272442,0.7932067932067932,0.8281718281718282,0.8941058941058941,18.88679245283019,794,0.5283018867924528,0,0.0,0.0,0.44927609321537026,0.44311868821917433,0.4187003366463618,dev
4e469f39#0,4e469f39,0,576,110,0.07705891436399936,0.4357638888888889,0.5711805555555556,0.701388888888889,5.236363636363636,251,0.7363636363636363,0,0.0,1.0,0.30922874162188885,0.33136835927733327,0.29832233152872245,test
4f537728#0,4f537728,0,1001,1,0.0,1.0,1.0,1.0,1001.0,1001,0.0,0,0.0,1.0,,,,dev
4ff4c9da#0,4ff4c9da,0,1001,645,0.01894602136522161,0.028971028971028972,0.05394605394605395,0.11688311688311688,1.551937984496124,29,0.8387596899224806,1,0.000999000999000999,0.0,0.30964484265061915,0.3319355309203658,0.32490955706582136,test
505fff84#0,505fff84,0,1001,578,0.6759548591382085,0.023976023976023976,0.04095904095904096,0.07892107892107893,1.731833910034602,24,0.7041522491349481,0,0.0,0.0,0.18980909623666875,0.21611565411112144,0.19427123026769968,test
506d28a5#0,506d28a5,0,1001,7,0.0028932107804764406,0.994005994005994,0.995004995004995,0.9980019980019978,143.0,995,0.8571428571428571,1,0.000999000999000999,1.0,0.6354889093022426,0.6354889093022426,-0.21182963643408084,dev
50a16a69#0,50a16a69,0,1001,5,0.006336709551388542,0.987012987012987,0.997002997002997,0.9999999999999999,200.2,988,0.6,0,0.0,1.0,0.3354101966249684,0.6708203932499368,0.22360679774997896,test
50aad11f#0,50aad11f,0,1001,964,0.6799910311521702,0.005994005994005994,0.010989010989010988,0.020979020979020976,1.0383817427385893,6,0.9740663900414938,0,0.0,0.0,0.09998752043368035,0.10401973682485464,0.10016015112479788,dev
50f325b5#0,50f325b5,0,1001,274,0.03220374931015779,0.22977022977022976,0.3196803196803197,0.4475524475524476,3.653284671532847,230,0.7481751824817519,0,0.0,0.0,0.33163913450442795,0.326095280016777,0.30908041787015667,dev
516b51b7#0,516b51b7,0,1001,50,0.00559638561187803,0.7962037962037962,0.8471528471528472,0.9200799200799202,20.02,797,0.64,0,0.0,1.0,0.13861682690181523,0.19942851743011578,0.1317023018560377,dev
5207a7b5#0,5207a7b5,0,1001,60,0.012943005567800925,0.6923076923076923,0.7572427572427572,0.8701298701298702,16.683333333333334,693,0.6,0,0.0,1.0,0.5092069456841908,0.5591236411446721,0.5132355314464491,test
5289ad53#0,5289ad53,0,1001,283,0.7616248161479978,0.1848151848151848,0.2837162837162837,0.38761238761238764,3.537102473498233,185,0.6395759717314488,0,0.0,0.0,0.22559773267946628,0.3162626217234513,0.25933405019571965,test
52fd389e#0,52fd389e,0,1001,73,0.017382205735838818,0.4595404595404595,0.6943056943056942,0.895104895104895,13.712328767123287,460,0.6986301369863014,0,0.0,0.0,0.2397318238895703,0.2571171511509626,0.11971280202670967,test
54db823b#0,54db823b,0,576,17,0.044884683406210435,0.8506944444444444,0.9253472222222222,0.9774305555555556,33.88235294117647,490,0.6470588235294118,0,0.0,1.0,-0.30399584776324995,-0.03728250963134198,-0.24663814063810843,dev
55059096#0,55059096,0,576,40,0.01376229663340689,0.59375,0.8194444444444444,0.907986111111111,14.4,342,0.625,0,0.0,1.0,0.5159463124329412,0.45549342091064227,0.38302042130886665,test
551d5bf1#0,551d5bf1,0,576,28,0.0040401088179485845,0.8333333333333334,0.8871527777777778,0.9444444444444444,20.571428571428573,480,0.6071428571428571,0,0.0,1.0,0.2767862926631847,0.2509446027969931,0.14353034973872683,dev
55783887#0,55783887,0,1001,243,0.05663511966983026,0.2177822177822178,0.43456543456543456,0.5814185814185814,4.1193415637860085,218,0.7613168724279835,0,0.0,1.0,-0.014224640906642695,0.03168807859718278,0.012714428567372897,dev
575b1a71#0,575b1a71,0,1001,428,0.05829315255283052,0.03996003996003996,0.07692307692307693,0.15984015984015984,2.338785046728972,40,0.7289719626168224,0,0.0,0.0,0.1333327356746181,0.11743809403449806,0.07157502358814567,dev
5783df64#0,5783df64,0,1001,60,0.10279984765116157,0.7932067932067932,0.8571428571428572,0.8931068931068932,16.683333333333334,794,0.6,0,0.0,1.0,0.34906581219729355,0.405224288577278,0.33028748713067735,test
5833af48#0,5833af48,0,1001,995,0.8519455960073344,0.002997002997002997,0.005994005994005994,0.010989010989010988,1.0060301507537688,3,0.9959798994974874,0,0.0,0.0,-0.043805319143744546,-0.04311404905252561,-0.0458246097835036,dev
58743b76#0,58743b76,0,1001,700,0.05342024369671872,0.03596403596403597,0.059940059940059943,0.1088911088911089,1.43,36,0.8614285714285714,0,0.0,0.0,0.24859228703112007,0.24511257192432542,0.24022864210834022,dev
58e15b12#0,58e15b12,0,1001,1000,0.11342441271951142,0.001998001998001998,0.002997002997002997,0.005994005994005994,1.001,2,0.999,0,0.0,0.0,-0.04663453604956021,-0.04663453604956021,-0.04663453604956021,dev
59341089#0,59341089,0,1001,1,0.0,1.0,1.0,1.0,1001.0,1001,0.0,0,0.0,1.0,,,,test
5a5a2103#0,5a5a2103,0,1001,142,0.03571784802515521,0.5264735264735265,0.7452547452547453,0.8031968031968032,7.049295774647887,527,0.7676056338028169,0,0.0,1.0,0.10192052046463358,0.03192117493410141,0.005255971906866512,test
5af49b42#0,5af49b42,0,1001,843,0.04321024805154716,0.011988011988011988,0.021978021978021976,0.04295704295704295,1.1874258600237249,12,0.9098457888493475,0,0.0,0.0,0.23951985417111277,0.2699389125589996,0.2657391542144311,test
5b526a93#0,5b526a93,0,576,404,0.0849768202108716,0.10590277777777778,0.1736111111111111,0.24652777777777776,1.4257425742574257,61,0.9356435643564357,0,0.0,1.0,0.0629369266857278,0.06740970616745927,0.048853331250269964,test
5b692c0f#0,5b692c0f,0,1001,988,0.0499615983330961,0.004995004995004995,0.006993006993006993,0.012987012987012988,1.013157894736842,5,0.9898785425101214,1,0.000999000999000999,0.0,0.13274588582940017,0.1328521390805035,0.13260421386443566,dev
5b6cbef5#0,5b6cbef5,0,1001,1,0.0,1.0,1.0,1.0,1001.0,1001,0.0,0,0.0,1.0,,,,dev
5d2a5c43#0,5d2a5c43,0,1001,5,0.002328341029178116,0.996003996003996,0.997002997002997,0.9999999999999999,200.2,997,0.8,1,0.000999000999000999,1.0,0.7254762501100117,0.7254762501100117,-0.36273812505500586,test
5d2a5c43#1,5d2a5c43,1,1001,8,0.0007480866480247261,0.9920079920079921,0.9940059940059941,0.997002997002997,125.125,993,0.75,0,0.0,1.0,0.3375263702778072,0.7222222222222222,-0.29974271363172633,test
5ffb2104#0,5ffb2104,0,1001,851,0.18224762256900173,0.017982017982017984,0.03496503496503497,0.06693306693306694,1.1762632197414806,18,0.9294947121034077,0,0.0,0.0,0.2858043372285685,0.319906086036953,0.3155834127170938,dev
604001fa#0,604001fa,0,1001,330,0.11139696234364116,0.03496503496503497,0.06293706293706294,0.14185814185814188,3.033333333333333,35,0.6545454545454545,0,0.0,0.0,0.1687145095140583,0.15152661466049944,0.1082467722982113,test
60a26a3e#0,60a26a3e,0,576,90,0.024717613012331552,0.5572916666666666,0.6128472222222222,0.7291666666666666,6.4,321,0.7222222222222222,0,0.0,1.0,0.31474108954452873,0.30777073454588516,0.2771563813332446,test
60c09cac#0,60c09cac,0,1001,48,0.027669784346267545,0.9080919080919081,0.9180819180819181,0.9390609390609391,20.854166666666668,909,0.6875,0,0.0,1.0,0.13135600098505143,0.154663976696162,-0.03168693106820428,dev
626c0bcc#0,626c0bcc,0,1001,483,0.1842838570004408,0.04395604395604396,0.08291708291708291,0.15184815184815184,2.072463768115942,44,0.7453416149068323,0,0.0,0.0,0.10047923367939675,0.1255594691715588,0.11233373848957433,dev
62ab2642#0,62ab2642,0,1001,300,0.2211042384159323,0.26373626373626374,0.3366633366633367,0.4635364635364636,3.3366666666666664,264,0.78,0,0.0,0.0,0.06966016698390884,0.049026635952019025,0.0217434827454608,dev
62b74c02#0,62b74c02,0,1001,22,0.011301525713789617,0.8361638361638362,0.8631368631368631,0.922077922077922,45.5,837,0.22727272727272727,0,0.0,1.0,0.38131080491590746,0.14123283939951053,-0.09453488443676915,dev
639f5a19#0,639f5a19,0,1001,1001,0.2178633259709677,0.000999000999000999,0.001998001998001998,0.004995004995004995,1.0,1,1.0,0,0.0,0.0,,,,test
642248e4#0,642248e4,0,1001,493,0.02556002794482093,0.04995004995004995,0.08691308691308691,0.15984015984015984,2.030425963488844,50,0.7525354969574036,0,0.0,0.0,0.15457911237325364,0.27294883782367435,0.2615835842448152,dev
642d658d#0,642d658d,0,1001,9,0.5261431874818487,0.5344655344655345,0.968031968031968,0.9910089910089909,111.22222222222223,535,0.1111111111111111,1,0.000999000999000999,1.0,,1.0,,dev
64a7c07e#0,64a7c07e,0,72,60,0.10690211415014883,0.05555555555555555,0.09722222222222221,0.19444444444444442,1.2,4,0.8666666666666667,0,0.0,0.0,0.2659743195308753,0.28329095526624,0.23951946691309112,test
66e6c45b#0,66e6c45b,0,1001,4,0.0008722546185083724,0.996003996003996,0.9980019980019981,1.0,250.25,997,0.5,0,0.0,1.0,0.05555555555555556,0.632455532033676,-0.21081851067789195,test
66f2d22f#0,66f2d22f,0,1001,5,0.0024942233448183027,0.996003996003996,0.997002997002997,0.9999999999999999,200.2,997,0.8,0,0.0,1.0,0.7071067811865475,0.7071067811865475,-0.35355339059327373,dev
67636eac#0,67636eac,0,1001,552,0.7006357389527431,0.0959040959040959,0.13186813186813187,0.2017982017982018,1.8134057971014492,96,0.8496376811594203,0,0.0,0.0,0.2657909255827401,0.27592284822139723,0.25519946373292374,test
67b4a34d#0,67b4a34d,0,1001,972,0.6897662776783655,0.002997002997002997,0.005994005994005994,0.012987012987012988,1.0298353909465021,3,0.9732510288065843,0,0.0,0.0,0.07618225539932341,0.08328425691033858,0.07931945662450272,test
67c52801#0,67c52801,0,1001,67,0.021494319348585145,0.7812187812187812,0.8281718281718281,0.9090909090909091,14.940298507462687,782,0.7761194029850746,0,0.0,1.0,0.5049423166510593,0.4023800132325794,0.34226778125506224,test
68b67ca3#0,68b67ca3,0,1001,62,0.11548635016569464,0.6333666333666333,0.7152847152847153,0.8401598401598402,16.14516129032258,634,0.5806451612903226,0,0.0,1.0,0.22098143765775777,0.21863868462460767,0.13795895929480254,dev
692cd3b6#0,692cd3b6,0,1001,60,0.02776080501858691,0.9010989010989011,0.9150849150849151,0.94005994005994,16.683333333333334,902,0.8333333333333334,0,0.0,1.0,-0.022745809559044133,-0.04819027448950028,-0.15750723493146004,test
695367ec#0,695367ec,0,1001,162,0.7369660843366169,0.23176823176823177,0.3046953046953047,0.45354645354645357,6.179012345679013,232,0.6358024691358025,0,0.0,0.0,-0.08573275616546058,0.004604124040622085,-0.1525572976877683,test
696d4842#0,696d4842,0,1001,144,0.021007542756022457,0.18681318681318682,0.2627372627372627,0.44255744255744256,6.951388888888889,187,0.5069444444444444,0,0.0,0.0,0.18464765557899931,0.32166480985307633,0.2907068448909837,dev
69889d6e#0,69889d6e,0,576,35,0.01853467019154109,0.7777777777777778,0.8559027777777778,0.9253472222222223,16.457142857142856,448,0.6857142857142857,0,0.0,1.0,-0.14112839280218203,0.5955004656430094,0.5549948609493723,test
6a11f6da#0,6a11f6da,0,1001,5,0.0007983226277852307,0.996003996003996,0.997002997002997,0.9999999999999999,200.2,997,0.8,0,0.0,1.0,0.7071067811865475,0.7071067811865475,0.0,dev
6ad5bdfd#0,6ad5bdfd,0,1001,905,0.1845073000303984,0.011988011988011988,0.023976023976023976,0.04395604395604395,1.1060773480662984,12,0.9524861878453039,0,0.0,0.0,0.22296798009470734,0.23881218484661001,0.23720538842820504,dev
6df30ad6#0,6df30ad6,0,1001,6,0.044205466621372924,0.7702297702297702,0.964035964035964,0.9980019980019981,166.83333333333334,771,0.0,0,0.0,1.0,,1.0,,test
6ea4a07e#0,6ea4a07e,0,1001,25,0.286132321245834,0.46653346653346656,0.7522477522477522,0.972027972027972,40.04,467,0.56,0,0.0,0.0,0.06102209354534445,0.2095248898685087,-0.1155999392377979,test
6ea4a07e#1,6ea4a07e,1,1001,14,0.33993600801639734,0.5004995004995005,0.8151848151848152,0.9910089910089911,71.5,501,0.6428571428571429,0,0.0,0.0,0.3048027349501074,0.39701196569131636,-0.10501606834415467,test
6f473927#0,6f473927,0,576,414,0.2819346723507481,0.026041666666666668,0.043402777777777776,0.09375,1.391304347826087,15,0.8454106280193237,0,0.0,0.0,0.2161975011053171,0.2688156644378562,0.2503044470709307,dev
7039b2d7#0,7039b2d7,0,1001,14,0.8014143698459383,0.34165834165834164,0.5354645354645354,0.885114885114885,71.5,342,0.21428571428571427,0,0.0,0.0,,1.0,,test
705a3229#0,705a3229,0,1001,130,0.020749296328655853,0.6663336663336663,0.7482517482517482,0.8011988011988012,7.7,667,0.7384615384615385,0,0.0,1.0,0.15539180291686527,0.13447326719551606,0.10378212959148575,test
712bf12e#0,712bf12e,0,576,196,0.08312940932731261,0.1875,0.3472222222222222,0.4704861111111111,2.938775510204082,108,0.7755102040816326,0,0.0,0.0,0.09540679742206894,-0.01634654811114196,-0.06712314282490758,test
72207abc#0,72207abc,0,1001,135,0.08585685647360664,0.36563436563436563,0.5544455544455544,0.7012987012987013,7.4148148148148145,366,0.7111111111111111,0,0.0,1.0,0.5411406477636489,0.5638564168204577,0.5071937125426564,dev
72a961c9#0,72a961c9,0,1001,320,0.0546806212458667,0.2037962037962038,0.3356643356643357,0.47152847152847155,3.128125,204,0.828125,0,0.0,1.0,0.39643741834410623,0.3830207267450509,0.37305562886802224,dev
73182012#0,73182012,0,1001,721,0.4953277242238281,0.016983016983016984,0.026973026973026976,0.05294705294705295,1.3883495145631068,17,0.8321775312066574,0,0.0,0.0,0.16671689784325855,0.17768150363466864,0.17222698961531013,dev
73c3b0d8#0,73c3b0d8,0,576,160,0.05565238245159254,0.2204861111111111,0.328125,0.5086805555555556,3.6,127,0.75,0,0.0,0.0,0.1959850253753418,0.1986854159726493,0.1790353583332396,dev
73ccf9c2#0,73ccf9c2,0,1001,633,0.7305871995779833,0.017982017982017984,0.029970029970029972,0.06193806193806194,1.5813586097946288,18,0.7567140600315956,0,0.0,0.0,0.06419837857647331,0.07934878728217677,0.06055905416264691,test
759f3fd3#0,759f3fd3,0,576,1,0.0,1.0,1.0,1.0,576.0,576,0.0,0,0.0,1.0,,,,test
762cd429#0,762cd429,0,1001,86,0.026595000854980788,0.6403596403596403,0.7022977022977023,0.8591408591408591,11.63953488372093,641,0.7674418604651163,0,0.0,1.0,0.48585579186840505,0.5679798817249647,0.5333014511572549,test
770cc55f#0,770cc55f,0,1001,29,0.014755201329656686,0.9400599400599401,0.9490509490509491,0.9690309690309691,34.51724137931034,941,0.7241379310344828,0,0.0,1.0,-0.030018855652520833,0.05222030097886436,-0.11288340511000022,dev
782b5218#0,782b5218,0,1001,24,0.0073683756609324025,0.968031968031968,0.972027972027972,0.98001998001998,41.708333333333336,969,0.75,0,0.0,1.0,0.33009871752862957,0.5101976406055513,0.28827310635111864,test
79369cc6#0,79369cc6,0,1001,255,0.03336178529965195,0.1848151848151848,0.2767232767232767,0.4355644355644355,3.925490196078431,185,0.7098039215686275,0,0.0,0.0,0.23224674925665412,0.2560343022844144,0.23406637686935053,dev
7953d61e#0,7953d61e,0,1001,94,0.013715804674845677,0.6853146853146853,0.7312687312687313,0.8101898101898102,10.648936170212766,686,0.574468085106383,0,0.0,1.0,0.5095767730711009,0.5818166077644588,0.532958925358808,dev
79fb03f4#0,79fb03f4,0,1001,594,0.065991696514475,0.04795204795204795,0.09090909090909091,0.15384615384615385,1.6851851851851851,48,0.8501683501683501,0,0.0,0.0,0.12469168220483114,0.14450736381367862,0.1333831975790473,test
7bb29440#0,7bb29440,0,1001,350,0.9084642155221971,0.07792207792207792,0.15384615384615385,0.24975024975024976,2.86,78,0.6857142857142857,0,0.0,0.0,-0.02780464155717017,0.1721716820898888,0.03825096888866213,dev
7c8af763#0,7c8af763,0,1001,458,0.15925407340260156,0.04995004995004995,0.09090909090909091,0.1978021978021978,2.185589519650655,50,0.8275109170305677,0,0.0,0.0,0.0486117505735861,0.058829353474570814,0.03499157884038341,test
7c9b52a0#0,7c9b52a0,0,1001,659,0.7285760749271868,0.03596403596403597,0.06393606393606394,0.11788211788211789,1.5189681335356602,36,0.8254931714719271,0,0.0,0.0,0.10497852759742736,0.10787634901496736,0.0981868658693259,dev
7d18a6fb#0,7d18a6fb,0,1001,662,0.349945348827145,0.03196803196803197,0.04995004995004995,0.08391608391608392,1.512084592145015,32,0.8066465256797583,0,0.0,0.0,0.17869365687235272,0.2264740899786678,0.2196683320556578,dev
7d1f7ee8#0,7d1f7ee8,0,1001,56,0.00618592731891765,0.7842157842157842,0.8571428571428571,0.919080919080919,17.875,785,0.6785714285714286,0,0.0,1.0,0.38659353702691335,0.391054252130863,0.29970378087270416,dev
7d419a02#0,7d419a02,0,1001,215,0.03288327596681184,0.1998001998001998,0.3126873126873127,0.5064935064935066,4.655813953488372,200,0.641860465116279,0,0.0,0.0,0.011496883559849947,0.14599955064994555,0.12148726141806644,test
7e02026e#0,7e02026e,0,576,54,0.0270211990027297,0.4635416666666667,0.609375,0.7864583333333333,10.666666666666666,267,0.6296296296296297,0,0.0,0.0,0.22253532920729457,0.14563910159696222,0.07154278721132513,dev
7ee1c6ea#0,7ee1c6ea,0,1001,176,0.017443349350424353,0.6183816183816184,0.6573426573426574,0.7082917082917084,5.6875,619,0.7386363636363636,0,0.0,1.0,0.5462984629890988,0.547276099650223,0.5382750115052134,test
817e6c09#0,817e6c09,0,576,72,0.09321974569293501,0.3715277777777778,0.5190972222222222,0.7309027777777778,8.0,214,0.6388888888888888,0,0.0,1.0,0.06013567154272189,0.022626990304133753,-0.038029813315136295,dev
81c0276b#0,81c0276b,0,1001,304,0.7401515837202146,0.14485514485514486,0.19780219780219782,0.30869130869130873,3.2927631578947367,145,0.6480263157894737,0,0.0,0.0,0.11662965106715091,0.12734573483417547,0.09340040161119183,dev
833dafe3#0,833dafe3,0,1001,944,0.9563323924303908,0.016983016983016984,0.03196803196803197,0.04095904095904097,1.0603813559322033,17,0.9745762711864406,0,0.0,0.0,0.05748794773444483,0.07295812035164591,0.05193751245246403,test
845d6e51#0,845d6e51,0,1001,688,0.059578428976301945,0.01898101898101898,0.03696303696303696,0.08191808191808192,1.4549418604651163,19,0.8401162790697675,0,0.0,0.0,0.24147479917933998,0.24653969064794412,0.23954516432028955,test
84db8fc4#0,84db8fc4,0,1001,22,0.010628012611452964,0.8431568431568431,0.91008991008991,0.978021978021978,45.5,844,0.5909090909090909,0,0.0,1.0,0.32689966616485133,0.2392356414262952,0.01713358705175058,dev
84f2aca1#0,84f2aca1,0,1001,8,0.00028037514539569486,0.987012987012987,0.9920079920079921,0.997002997002997,125.125,988,0.625,0,0.0,1.0,0.5455447255899809,0.5455447255899809,0.2182178902359924,test
8597cfd7#0,8597cfd7,0,1001,3,0.39540878701717863,0.7292707292707292,0.9990009990009989,0.9999999999999999,333.6666666666667,730,0.3333333333333333,0,0.0,1.0,,1.0,,test
85b81ff1#0,85b81ff1,0,1001,282,0.032688602851551285,0.059940059940059943,0.0959040959040959,0.1758241758241758,3.549645390070922,60,0.5531914893617021,0,0.0,0.0,0.10247783038787993,0.25078643925368205,0.22567916263453072,dev
85fa5666#0,85fa5666,0,1001,118,0.06800825922329423,0.12987012987012986,0.22477522477522477,0.4515484515484515,8.483050847457626,130,0.5338983050847458,0,0.0,0.0,0.24481397932154897,0.27762372854841266,0.2139479107805954,test
8719f442#0,8719f442,0,72,7,0.008005835598817623,0.7222222222222222,0.9027777777777778,0.9722222222222221,10.285714285714286,52,0.5714285714285714,0,0.0,1.0,0.19702760155977517,0.3349469226516178,-0.3349469226516178,test
88207623#0,88207623,0,1001,470,0.042330137421041525,0.07792207792207792,0.10789210789210789,0.17182817182817184,2.129787234042553,78,0.7574468085106383,0,0.0,0.0,0.1426638470402465,0.20463496398705316,0.1876673480664811,dev
891232d6#0,891232d6,0,1001,944,0.09474601313701836,0.005994005994005994,0.011988011988011988,0.026973026973026976,1.0603813559322033,6,0.965042372881356,0,0.0,0.0,0.010456909305368096,0.01648169230259831,0.014381298956486195,test
896d5239#0,896d5239,0,1001,160,0.03551805784113815,0.2137862137862138,0.3196803196803197,0.4805194805194805,6.25625,214,0.68125,0,0.0,0.0,0.25075551286500036,0.29511594197379826,0.2629992890200293,test
8a371977#0,8a371977,0,1001,397,0.20521001838532493,0.27372627372627373,0.35564435564435565,0.5404595404595405,2.5214105793450883,274,0.8816120906801007,2,0.001998001998001998,0.0,-0.04576641147561779,-0.02698946095835813,-0.05756172397377212,dev
8b28cd80#0,8b28cd80,0,1001,39,0.022251571435805806,0.8651348651348651,0.9030969030969032,0.9340659340659341,25.666666666666668,866,0.6153846153846154,0,0.0,0.0,0.10710077833120606,0.10212224753220049,-0.03203608444668124,dev
8b28cd80#1,8b28cd80,1,1001,34,0.014129355924616283,0.9000999000999002,0.9220779220779222,0.9550449550449551,29.441176470588236,901,0.5882352941176471,0,0.0,0.0,0.1816835554579992,0.1983250142676554,0.09453034849608835,dev
8ba14f53#0,8ba14f53,0,1001,233,0.5053589879630154,0.0899100899100899,0.17382617382617382,0.3416583416583417,4.296137339055794,90,0.6137339055793991,0,0.0,0.0,0.22163431989752463,0.23908749740570276,0.21326336525057868,dev
8cb8642d#0,8cb8642d,0,1001,599,0.03156517803099046,0.07592407592407592,0.12987012987012986,0.22577422577422573,1.671118530884808,76,0.8681135225375626,0,0.0,0.0,0.254154957330146,0.2731425931703122,0.2658534996132777,test
8dae5dfc#0,8dae5dfc,0,1001,964,0.30920596306497516,0.006993006993006993,0.012987012987012988,0.024975024975024976,1.0383817427385893,7,0.979253112033195,0,0.0,0.0,0.048970450442967946,0.05421691916398935,0.052135736803484274,test
8e2edd66#0,8e2edd66,0,1001,115,0.11112015598590863,0.23476523476523475,0.36563436563436563,0.5704295704295704,8.704347826086957,235,0.5565217391304348,0,0.0,1.0,-0.02456810629934548,0.021873567840899666,-0.025141782229208143,test
8ee62060#0,8ee62060,0,1001,467,0.1752031443336174,0.13786213786213786,0.2567432567432567,0.4395604395604395,2.143468950749465,138,0.860813704496788,0,0.0,0.0,-0.09503302982998074,0.19641879162344872,0.17828120059474792,dev
8fbca751#0,8fbca751,0,575,38,0.03284574351788472,0.45565217391304347,0.7217391304347827,0.9078260869565218,15.131578947368421,262,0.631578947368421,0,0.0,0.0,0.1362769656253119,0.21420121022416633,0.15243922716959618,dev
90347967#0,90347967,0,1001,703,0.12452329578345944,0.017982017982017984,0.028971028971028975,0.06193806193806195,1.4238975817923187,18,0.8406827880512091,0,0.0,0.0,0.10894196004662941,0.11610399234194814,0.1084475804588796,test
903d1b4a#0,903d1b4a,0,1001,161,0.020763818786109,0.5084915084915085,0.5724275724275725,0.6663336663336664,6.217391304347826,509,0.6521739130434783,0,0.0,1.0,0.25269551766365766,0.2520487258896516,0.2071624303347497,test
9110e3c5#0,9110e3c5,0,1001,57,0.23462916328739247,0.6113886113886113,0.7902097902097902,0.862137862137862,17.56140350877193,612,0.42105263157894735,0,0.0,0.0,0.3146740176253748,0.19886027686528074,0.06264673461940926,test
9110e3c5#1,9110e3c5,1,1001,70,0.28427160411366115,0.4155844155844156,0.5474525474525475,0.7312687312687314,14.3,416,0.4142857142857143,0,0.0,0.0,0.42136091471312914,0.4146109797873246,0.3559193195149782,test
917bccba#0,917bccba,0,1001,83,0.02604380285594121,0.8141858141858141,0.8391608391608392,0.8731268731268731,12.060240963855422,815,0.6746987951807228,0,0.0,1.0,0.2321007429235438,0.24442697036263883,0.20547426384143289,test
929ab4e9#0,929ab4e9,0,1001,500,0.024226611083431493,0.11788211788211789,0.17682317682317683,0.28771228771228774,2.002,118,0.81,0,0.0,0.0,0.12108241250659006,0.23525553421332374,0.22180551286140224,dev
92e50de0#0,92e50de0,0,1001,99,0.019146914339474908,0.5284715284715285,0.7152847152847153,0.8141858141858141,10.11111111111111,529,0.5959595959595959,0,0.0,1.0,0.24838689802894628,0.23571422536058667,0.16325902682525043,test
9356391f#0,9356391f,0,1001,68,0.06921430685947416,0.7442557442557443,0.8151848151848152,0.91008991008991,14.720588235294118,745,0.7352941176470589,0,0.0,0.0,-0.07637921528636449,-0.0035918633410157758,-0.10049836813732496,test
93b4f4b3#0,93b4f4b3,0,1001,403,0.30233614919780016,0.12987012987012986,0.22277722277722278,0.3016983016983017,2.4838709677419355,130,0.8138957816377171,0,0.0,0.0,-0.17115837580117763,-0.011555605456477259,-0.045361042686629535,test
93c31fbe#0,93c31fbe,0,1001,499,0.019927084069112033,0.13186813186813187,0.17782217782217782,0.25074925074925075,2.006012024048096,132,0.8296593186372746,0,0.0,0.0,-0.004452775548505055,0.20028399833637972,0.18005663185071705,dev
94133066#0,94133066,0,1001,828,0.9125553934780127,0.015984015984015984,0.03196803196803197,0.06293706293706294,1.208937198067633,16,0.9178743961352657,0,0.0,0.0,0.36198181540942614,0.365948461476773,0.3402755096876781,dev
94414823#0,94414823,0,1001,232,0.1602339255704387,0.7112887112887113,0.7262737262737263,0.7392607392607393,4.314655172413793,712,0.8448275862068966,0,0.0,1.0,0.12363947493480078,0.13394755804685213,0.08496539423406814,dev
94be5b80#0,94be5b80,0,1001,886,0.06869148987293938,0.03196803196803197,0.03996003996003996,0.05694305694305694,1.1297968397291196,32,0.9469525959367946,0,0.0,0.0,0.21596015304725505,0.2219906368862653,0.21942412103566036,test
95a58926#0,95a58926,0,1001,2,2.016169711638316e-05,0.999000999000999,1.0,1.0,500.5,1000,0.5,0,0.0,1.0,,0.9999999999999999,,test
963f59bc#0,963f59bc,0,1001,299,0.0481035484258987,0.07492507492507493,0.10989010989010989,0.2007992007992008,3.347826086956522,75,0.6086956521739131,0,0.0,0.0,0.16969740685602494,0.16098051246784284,0.13258621035268858,dev
96a8c0cd#0,96a8c0cd,0,1001,640,0.14702867630190353,0.027972027972027972,0.05394605394605395,0.11788211788211789,1.5640625,28,0.8609375,0,0.0,0.0,0.18124253634318976,0.1972996752501683,0.18519477413037994,dev
97239e3d#0,97239e3d,0,1001,311,0.04966743371293547,0.3776223776223776,0.42157842157842157,0.5234765234765235,3.2186495176848875,378,0.77491961414791,0,0.0,1.0,0.33743603518224147,0.36252164526910813,0.35433900082042596,test
9772c176#0,9772c176,0,576,2,1.7330953765104518e-05,0.9982638888888888,1.0,1.0,288.0,575,0.5,0,0.0,1.0,,0.9999999999999999,,dev
981571dc#0,981571dc,0,1001,811,0.029956874456891436,0.013986013986013986,0.026973026973026976,0.057942057942057944,1.2342786683107274,14,0.8951911220715166,1,0.000999000999000999,0.0,0.21951648841822188,0.26683358352020065,0.25843481745665614,dev
992798f6#0,992798f6,0,1001,62,0.0371235828981209,0.5954045954045954,0.9120879120879122,0.9290709290709291,16.14516129032258,596,0.7580645161290323,0,0.0,0.0,-0.03442501454995063,0.05609931735288188,-0.11421176810359446,test
99306f82#0,99306f82,0,1001,985,0.11885493560376714,0.003996003996003996,0.006993006993006993,0.012987012987012988,1.016243654822335,4,0.9868020304568528,0,0.0,0.0,0.0146606331909754,0.022090952610697812,0.019705241277072995,test
9a4bb226#0,9a4bb226,0,1001,62,0.557586268584795,0.5004995004995005,0.8191808191808192,0.9030969030969032,16.14516129032258,501,0.6774193548387096,0,0.0,1.0,0.079112415801581,-0.050807449192648575,-0.21965946205046452,test
9b2a60aa#0,9b2a60aa,0,1001,318,0.03787479447892517,0.13486513486513488,0.23276723276723277,0.34565434565434566,3.147798742138365,135,0.7421383647798742,0,0.0,0.0,0.11875320727047099,0.19490241490700635,0.17444911533520965,test
9b365c51#0,9b365c51,0,1001,420,0.15948864949799335,0.09490509490509491,0.15184815184815187,0.2817182817182817,2.3833333333333333,95,0.8214285714285714,0,0.0,0.0,-0.021174583189103074,0.08267273316471802,0.05433836216456548,dev
9b4c17c4#0,9b4c17c4,0,1001,444,0.0994914082262065,0.04995004995004995,0.08591408591408592,0.16783216783216784,2.2545045045045047,50,0.7094594594594594,0,0.0,0.0,0.38675070566408004,0.4136366829798744,0.3999795812079769,dev
9b4c17c4#1,9b4c17c4,1,1001,383,0.09570547890535297,0.0919080919080919,0.16583416583416583,0.30669330669330663,2.6135770234986944,92,0.7780678851174935,0,0.0,0.0,0.26477979426221143,0.32704042054263266,0.312336441201578,dev
9bebae7a#0,9bebae7a,0,576,51,0.09194593069705548,0.2829861111111111,0.4739583333333333,0.7378472222222222,11.294117647058824,163,0.6666666666666666,0,0.0,0.0,0.17611598793519956,0.27323232715130896,0.06090410609157509,test
9c1e755f#0,9c1e755f,0,1001,17,0.003129336757005663,0.952047952047952,0.9730269730269729,0.9830169830169829,58.88235294117647,953,0.4117647058823529,0,0.0,1.0,0.6236548988102703,0.7881050739449709,0.6309991605114963,dev
9c56f360#0,9c56f360,0,575,315,0.07734352445440162,0.05565217391304348,0.09217391304347827,0.17043478260869566,1.8253968253968254,32,0.8,0,0.0,0.0,0.34058404873030523,0.37716340734898224,0.3654933384427884,dev
9caba7c3#0,9caba7c3,0,1001,4,7.740191079730341e-05,0.997002997002997,0.998001998001998,0.9999999999999999,250.25,998,0.75,0,0.0,1.0,0.7745966692414834,0.7745966692414834,-0.2581988897471611,dev
9ddd00f0#0,9ddd00f0,0,1001,210,0.03348233483673069,0.2137862137862138,0.38961038961038963,0.4945054945054945,4.766666666666667,214,0.6142857142857143,0,0.0,1.0,0.1971407599301781,0.24550456638199308,0.2239149576673701,test
9def23fe#0,9def23fe,0,1001,21,0.002706112628982682,0.9330669330669331,0.9660339660339661,0.9840159840159841,47.666666666666664,934,0.7619047619047619,0,0.0,1.0,-0.32867328575481036,0.09558353741405848,-0.17552613234218012,dev
9f27f097#0,9f27f097,0,1001,102,0.03136620764308584,0.19080919080919082,0.3146853146853147,0.5034965034965034,9.813725490196079,191,0.4117647058823529,0,0.0,0.0,0.1636377899356483,0.26335935106460256,0.1902968815621683,test
a04b2602#0,a04b2602,0,1001,66,0.010488213755709186,0.47152847152847155,0.6373626373626373,0.8181818181818181,15.166666666666666,472,0.5303030303030303,0,0.0,1.0,0.19508568746282487,0.30493777946022693,0.20621397464056457,dev
a096bf4d#0,a096bf4d,0,1001,77,0.00644883382228334,0.12387612387612387,0.24175824175824176,0.5454545454545454,13.0,124,0.4025974025974026,0,0.0,0.0,0.4587005578915569,0.6151680816067503,0.5793129289212962,test
a3f84088#0,a3f84088,0,576,507,0.188055113199588,0.020833333333333332,0.034722222222222224,0.06597222222222222,1.136094674556213,12,0.9506903353057199,0,0.0,0.0,0.1144076307991013,0.25067644615468815,0.23407601449098533,test
a406ac07#0,a406ac07,0,1001,166,0.05938764463145918,0.17782217782217782,0.33866133866133863,0.5724275724275724,6.030120481927711,178,0.6325301204819277,0,0.0,0.0,0.2926874926459653,0.3212388033813339,0.2866537727161001,test
a57f2f04#0,a57f2f04,0,1001,601,0.030951958755789044,0.16283716283716285,0.18881118881118883,0.2417582417582418,1.6655574043261232,163,0.8685524126455907,0,0.0,0.0,0.2513058485390845,0.2751314062611618,0.26659886403029004,test
a59b95c0#0,a59b95c0,0,1001,7,0.519364446173558,0.6343656343656343,0.9000999000999,0.9980019980019978,143.0,635,0.42857142857142855,0,0.0,0.0,0.0,0.7853554716071041,-0.09245003270420486,test
a680ac02#0,a680ac02,0,1001,126,0.8204198824225204,0.2757242757242757,0.49950049950049946,0.6503496503496502,7.944444444444445,276,0.7222222222222222,0,0.0,1.0,0.018139798775737813,0.14800561883076002,-0.11507428905715716,test
a8610ef7#0,a8610ef7,0,1001,794,0.2916132048263922,0.007992007992007992,0.015984015984015984,0.03496503496503496,1.2607052896725441,8,0.8551637279596978,0,0.0,0.0,-0.0915126187617728,-0.08482586079991127,-0.09582183109596182,test
a934301b#0,a934301b,0,574,108,0.10732242894819011,0.2770034843205575,0.5121951219512195,0.7386759581881532,5.314814814814815,159,0.7870370370370371,0,0.0,0.0,0.19894243787011257,0.21864328055149865,0.15218301825107203,dev
aa18de87#0,aa18de87,0,1001,13,0.00837501933870266,0.978021978021978,0.988011988011988,0.992007992007992,77.0,979,0.7692307692307693,0,0.0,1.0,0.5737727219516099,0.5394959037052656,0.07813388950214191,dev
aa300dc3#0,aa300dc3,0,576,15,0.03861376737606603,0.7795138888888888,0.9427083333333333,0.9739583333333333,38.4,449,0.4666666666666667,0,0.0,1.0,0.06217788336064884,0.1846494717982905,-0.2298697506060351,dev
aa4ec2a5#0,aa4ec2a5,0,1001,760,0.03239370769498884,0.008991008991008992,0.017982017982017984,0.04195804195804196,1.3171052631578948,9,0.8539473684210527,0,0.0,0.0,0.19457026410891284,0.20544354264890735,0.2004960264689187,dev
aab50785#0,aab50785,0,1001,902,0.8862889094263139,0.007992007992007992,0.015984015984015984,0.03296703296703296,1.1097560975609757,8,0.9401330376940134,0,0.0,0.0,0.13121057108930326,0.13740035396703998,0.13164720734497323,dev
ac0c5833#0,ac0c5833,0,576,293,0.011784267212252786,0.036458333333333336,0.06944444444444445,0.16319444444444445,1.9658703071672354,21,0.7610921501706485,0,0.0,0.0,0.33714572284493055,0.35868563945981147,0.3496327151763627,dev
ac2e8ecf#0,ac2e8ecf,0,1001,965,0.1942202319375066,0.003996003996003996,0.006993006993006993,0.015984015984015984,1.0373056994818652,4,0.9709844559585492,0,0.0,0.0,0.10646128891626755,0.11342385804473847,0.11186555178401174,dev
ac3e2b04#0,ac3e2b04,0,1001,14,0.002107199718677122,0.983016983016983,0.9880119880119881,0.991008991008991,71.5,984,0.8571428571428571,0,0.0,1.0,0.04693232544639321,0.046880723093849545,-0.494050697219799,dev
ac605cbb#0,ac605cbb,0,1001,487,0.09492331399586018,0.06493506493506493,0.11688311688311688,0.20479520479520477,2.055441478439425,65,0.7618069815195072,0,0.0,0.0,0.21501277296198099,0.21927109820844864,0.2115257663080864,test
ad7e01d0#0,ad7e01d0,0,1001,892,0.4484465436673374,0.01098901098901099,0.02097902097902098,0.04095904095904096,1.1221973094170403,11,0.9405829596412556,0,0.0,0.0,0.07117046236578362,0.08485070592592411,0.07602484310784302,test
ae58858e#0,ae58858e,0,576,13,0.028086596153127474,0.7430555555555556,0.9375,0.9774305555555556,44.30769230769231,428,0.38461538461538464,0,0.0,1.0,0.35942308632961273,0.39904452891712916,0.20942762510544363,test
aee291af#0,aee291af,0,1001,149,0.14467179475311576,0.0959040959040959,0.1758241758241758,0.3656343656343656,6.718120805369128,96,0.4697986577181208,0,0.0,0.0,0.42909790377987833,0.4510153759763038,0.4196876377399248,test
af22c60d#0,af22c60d,0,1001,833,0.011330645548923268,0.01898101898101898,0.03396603396603397,0.06993006993006994,1.2016806722689075,19,0.9171668667466987,0,0.0,0.0,0.27534092550487643,0.2730516372166983,0.2713611514757775,dev
af24b4cc#0,af24b4cc,0,1001,13,0.019280723877600936,0.7852147852147852,0.915084915084915,0.979020979020979,77.0,786,0.23076923076923078,0,0.0,1.0,0.2929682077403141,0.5027855368737106,0.008333461937133326,test
b0722778#0,b0722778,0,1001,310,0.19748583085246418,0.11388611388611389,0.22177822177822176,0.3506493506493506,3.229032258064516,114,0.667741935483871,0,0.0,0.0,0.44667744584843744,0.44259387980851345,0.43563214669866385,dev
b0f4d537#0,b0f4d537,0,1001,420,0.618440438131443,0.06893106893106893,0.12887112887112886,0.2697302697302697,2.3833333333333333,69,0.7976190476190477,0,0.0,0.0,0.14654466320008824,0.336229079810466,0.30632691176671684,dev
b15fca0b#0,b15fca0b,0,1001,267,0.10443308717580724,0.34165834165834164,0.39960039960039956,0.5454545454545453,3.749063670411985,342,0.7640449438202247,0,0.0,1.0,0.23674355105842262,0.24124819687139656,0.22544718107278264,test
b1fc8b8e#0,b1fc8b8e,0,72,4,0.07688272792707995,0.6111111111111112,0.9722222222222223,1.0,18.0,44,0.5,0,0.0,0.0,-0.632455532033676,0.632455532033676,-0.9486832980505139,dev
b1fc8b8e#1,b1fc8b8e,1,72,8,0.09273149252489765,0.5277777777777778,0.875,0.9583333333333334,9.0,38,0.375,0,0.0,1.0,-0.20145318606635162,0.6295412064573488,0.17627153780805768,dev
b20f7c8b#0,b20f7c8b,0,1001,115,0.07905943823079198,0.1878121878121878,0.3586413586413586,0.5804195804195804,8.704347826086957,188,0.7130434782608696,0,0.0,0.0,0.4788656607136352,0.48024024989191927,0.3937025048436759,dev
b457fec5#0,b457fec5,0,1001,1001,0.3312883944915349,0.000999000999000999,0.001998001998001998,0.004995004995004995,1.0,1,1.0,0,0.0,0.0,,,,test
b4a43f3b#0,b4a43f3b,0,1001,597,0.12657433268987495,0.03296703296703297,0.06293706293706294,0.12787212787212787,1.676716917922948,33,0.8241206030150754,0,0.0,0.0,0.17497849121317466,0.2105264442629075,0.19962467052148564,test
b7999b51#0,b7999b51,0,1001,205,0.7801888761114815,0.13186813186813187,0.24675324675324675,0.3966033966033966,4.882926829268293,132,0.6,0,0.0,0.0,0.2784605077977529,0.28552220500391534,0.19179448262826887,test
b7cb93ac#0,b7cb93ac,0,1001,378,0.703464195850708,0.054945054945054944,0.08391608391608392,0.15884115884115885,2.6481481481481484,55,0.6587301587301587,0,0.0,0.0,0.31059770782281093,0.3077269129415365,0.2796240855263469,dev
b7f8a4d8#0,b7f8a4d8,0,1001,791,0.059601318075855114,0.03996003996003996,0.07892107892107891,0.11488511488511488,1.2654867256637168,40,0.9241466498103666,0,0.0,0.0,0.031709866078287324,0.08844605182384292,0.07621800296415887,test
b7fb29bc#0,b7fb29bc,0,1001,131,0.05615375171071624,0.4025974025974026,0.4835164835164835,0.6393606393606395,7.641221374045801,403,0.6870229007633588,0,0.0,1.0,0.1575653752509591,0.20661871613435523,0.16063628662126778,dev
b942fd60#0,b942fd60,0,1001,276,0.15451764327454964,0.11288711288711288,0.2057942057942058,0.4145854145854146,3.6268115942028984,113,0.7717391304347826,0,0.0,0.0,0.13037636983499434,0.1438880942331183,0.11241823069761077,dev
b9630600#0,b9630600,0,72,23,0.013675841905268604,0.2916666666666667,0.5416666666666667,0.7083333333333334,3.130434782608696,21,0.6956521739130435,0,0.0,1.0,0.24746677731327488,0.38818318009925473,0.02183530388058308,dev
ba9d41b8#0,ba9d41b8,0,1001,62,0.1745099636755687,0.4985014985014985,0.7232767232767232,0.8421578421578421,16.14516129032258,499,0.5967741935483871,0,0.0,1.0,-0.05099134378723215,-0.0050278625458910296,-0.3762091048462191,test
baf41dbf#0,baf41dbf,0,576,274,0.08212661460569459,0.09722222222222222,0.14930555555555555,0.2517361111111111,2.102189781021898,56,0.7518248175182481,0,0.0,0.0,0.010953690097636946,0.05136756204258534,0.02881437053749176,test
bb52a14b#0,bb52a14b,0,1001,275,0.02772324541604465,0.16683316683316685,0.24375624375624377,0.39260739260739264,3.64,167,0.6836363636363636,0,0.0,0.0,0.09551801756110641,0.11332255156288713,0.0913822976026096,dev
bbb1b8b6#0,bbb1b8b6,0,1001,4,0.002366764105025898,0.997002997002997,0.998001998001998,0.9999999999999999,250.25,998,0.75,0,0.0,1.0,-1.0,0.7745966692414834,0.2581988897471611,dev
bbb1b8b6#1,bbb1b8b6,1,1001,23,0.07930281506705084,0.8571428571428571,0.9090909090909091,0.964035964035964,43.52173913043478,858,0.21739130434782608,0,0.0,1.0,0.2913357968623728,0.09591658786780846,-0.0928057796126363,dev
bc4146bd#0,bc4146bd,0,1001,9,0.009309620290012477,0.9470529470529471,0.9850149850149851,0.9940059940059941,111.22222222222223,948,0.2222222222222222,0,0.0,1.0,0.29918901466491665,0.4359611356545928,-0.14532037855153093,test
bcb3040b#0,bcb3040b,0,1001,109,0.04131829573032786,0.5194805194805194,0.6703296703296703,0.7812187812187811,9.18348623853211,520,0.6146788990825688,0,0.0,1.0,0.2035142844424834,0.25629311419541145,0.19938675352279978,test
bd14c3bf#0,bd14c3bf,0,576,133,0.08597278382512741,0.1875,0.2690972222222222,0.4583333333333333,4.330827067669173,108,0.706766917293233,0,0.0,1.0,-0.09543451785825367,-0.06547225988341192,-0.12291948137212239,test
be03b35f#0,be03b35f,0,576,8,0.34925823447145066,0.3628472222222222,0.6770833333333333,0.9809027777777777,72.0,209,0.0,0,0.0,0.0,0.09635201182745769,0.5269555552418339,-0.16766767666785626,dev
bf32578f#0,bf32578f,0,1001,37,0.014306653636074196,0.7192807192807192,0.8181818181818181,0.935064935064935,27.054054054054053,720,0.5135135135135135,0,0.0,0.0,0.5204453251442235,0.5332719339852479,0.4862483636717548,dev
bf699163#0,bf699163,0,1001,20,0.07835742872365958,0.9460539460539461,0.973026973026973,0.9830169830169831,50.05,947,0.65,0,0.0,0.0,-0.2015679553640425,-0.2015679553640425,-0.4614845293860973,test
bf89d739#0,bf89d739,0,575,26,0.008497994757149296,0.3617391304347826,0.6469565217391304,0.9199999999999999,22.115384615384617,208,0.5,0,0.0,0.0,0.7438684150533466,0.8161461107318903,0.7134839083449662,dev
c074846d#0,c074846d,0,1001,40,0.020716862320824148,0.6963036963036963,0.7872127872127872,0.928071928071928,25.025,697,0.475,0,0.0,0.0,0.298145414410038,0.3032358319346804,0.19775105067884424,test
c074846d#1,c074846d,1,1001,149,0.05324041392715606,0.13986013986013987,0.25974025974025977,0.4325674325674326,6.718120805369128,140,0.6174496644295302,0,0.0,0.0,0.31731740398777725,0.34900244992611706,0.3209993339977931,test
c1990cce#0,c1990cce,0,576,228,0.3730966802301995,0.2743055555555556,0.36284722222222227,0.4913194444444444,2.526315789473684,158,0.8421052631578947,0,0.0,0.0,0.21446513454671506,0.24063602106722295,0.20389425493765914,test
c3202e5a#0,c3202e5a,0,1001,747,0.3996547403231826,0.02097902097902098,0.03696303696303696,0.07592407592407592,1.3400267737617135,21,0.8821954484605087,0,0.0,0.0,0.2649285436867421,0.29604592813712094,0.2896912066090704,dev
c35c1b4c#0,c35c1b4c,0,1001,141,0.046781105981691606,0.34765234765234765,0.4595404595404595,0.5444555444555444,7.099290780141844,348,0.4397163120567376,0,0.0,0.0,0.28597735572349925,0.2762085498479819,0.25025573699773396,test
c48954c1#0,c48954c1,0,1001,14,0.0006400523261695934,0.987012987012987,0.988011988011988,0.9910089910089909,71.5,988,0.9285714285714286,0,0.0,1.0,0.45119775968472964,0.45119775968472964,0.1041225599272453,test
c62e2108#0,c62e2108,0,1001,240,0.03805503128582133,0.1848151848151848,0.32167832167832167,0.4485514485514486,4.170833333333333,185,0.6958333333333333,0,0.0,0.0,0.21656780194202788,0.2543637838542564,0.23404081486800815,test
c64f1187#0,c64f1187,0,1001,914,0.8149469161628224,0.01898101898101898,0.027972027972027972,0.03996003996003997,1.0951859956236323,19,0.9463894967177243,0,0.0,0.0,0.21312677917231695,0.22256896415634672,0.20790385020387034,dev
c658a4bd#0,c658a4bd,0,1001,237,0.7027880876540287,0.2917082917082917,0.4945054945054945,0.5694305694305695,4.223628691983122,292,0.6835443037974683,0,0.0,0.0,0.1971385005157914,0.26744801144034996,0.19954863593917044,dev
c663677b#0,c663677b,0,1001,1,0.0,1.0,1.0,1.0,1001.0,1001,0.0,0,0.0,1.0,,,,test
c6e1b8da#0,c6e1b8da,0,1001,478,0.05582232717903546,0.10589410589410589,0.13886113886113885,0.21878121878121878,2.094142259414226,106,0.7803347280334728,0,0.0,0.0,0.218080694561018,0.22918168940313693,0.21024966428468675,test
c7d4e6ad#0,c7d4e6ad,0,1001,4,0.00027680584698908106,0.986013986013986,0.9980019980019981,1.0,250.25,987,0.5,0,0.0,1.0,0.8164965809277261,1.0,1.0,dev
c87289bb#0,c87289bb,0,576,33,0.006520142405794016,0.9322916666666666,0.9375,0.9496527777777778,17.454545454545453,537,0.8181818181818182,0,0.0,1.0,0.2904426017804413,0.21209489522543845,0.08578281225413395,dev
c8b7cc0f#0,c8b7cc0f,0,1001,26,0.13248466827312055,0.3676323676323676,0.6843156843156843,0.8961038961038962,38.5,368,0.2692307692307692,0,0.0,0.0,0.6800318343492441,0.7215995416730738,0.6752455922079771,dev
c92b942c#0,c92b942c,0,1001,206,0.23019115678890145,0.17682317682317683,0.3366633366633367,0.5944055944055945,4.859223300970874,177,0.7572815533980582,0,0.0,0.0,0.21779996334569973,0.23144460909451237,0.18932857962926006,test
c97c0139#0,c97c0139,0,576,16,0.003990591205096039,0.9305555555555556,0.9496527777777778,0.9722222222222223,36.0,536,0.4375,0,0.0,1.0,0.22881767966914696,0.34017111818707213,-0.10205133545612165,test
ca8de6ea#0,ca8de6ea,0,1001,24,0.02542822776887288,0.9470529470529471,0.954045954045954,0.967032967032967,41.708333333333336,948,0.4166666666666667,0,0.0,1.0,0.6575150116194598,0.5779434656523107,0.4288207662192538,dev
ca8f78db#0,ca8f78db,0,1001,91,0.014270470782741462,0.5334665334665335,0.5804195804195804,0.6873126873126874,11.0,534,0.4945054945054945,4,0.003996003996003996,1.0,0.5835161106434263,0.38238576680445857,0.26958898614365745,test
cad67732#0,cad67732,0,1001,745,0.8371262338513835,0.015984015984015984,0.030969030969030968,0.07492507492507493,1.3436241610738255,16,0.9114093959731544,0,0.0,0.0,0.13600782401246142,0.21860816718833204,0.14458219639964356,dev
cb227835#0,cb227835,0,576,111,0.028933898461723895,0.7170138888888888,0.7447916666666666,0.7812499999999999,5.1891891891891895,413,0.8558558558558559,0,0.0,1.0,0.13998768314149743,0.18147484104341208,0.14147838670679244,test
ccd554ac#0,ccd554ac,0,1001,906,0.5058898613761358,0.01098901098901099,0.02097902097902098,0.04395604395604396,1.1048565121412803,11,0.9492273730684326,0,0.0,0.0,0.14850805177052595,0.15393373052262296,0.1480614709788442,dev
cd3c21df#0,cd3c21df,0,1001,44,0.5544205498426011,0.5904095904095904,0.7192807192807192,0.8261738261738261,22.75,591,0.38636363636363635,0,0.0,1.0,-0.14346052096849957,0.2786449082644948,0.03787477099029528,dev
ce039d91#0,ce039d91,0,576,155,0.043722931476005256,0.09375,0.16666666666666669,0.3194444444444445,3.7161290322580647,54,0.5225806451612903,0,0.0,0.0,0.49765505066441224,0.5382615516164152,0.515544815705674,test
ce8d95cc#0,ce8d95cc,0,1001,266,0.7992788766824024,0.11888111888111888,0.22877122877122877,0.33166833166833165,3.763157894736842,119,0.5977443609022557,0,0.0,1.0,-0.07185938182952813,0.15961063236047573,-0.022242935870730614,dev
cf133acc#0,cf133acc,0,1001,64,0.003919701859998348,0.8741258741258742,0.9030969030969032,0.9220779220779222,15.640625,875,0.78125,0,0.0,1.0,0.3105820696487835,0.253347090347489,0.17018542517907043,dev
cfb2ce5a#0,cfb2ce5a,0,1001,639,0.10586350619513896,0.02197802197802198,0.03996003996003997,0.08291708291708293,1.566510172143975,22,0.784037558685446,0,0.0,0.0,0.2653652174907517,0.26606460671462523,0.2611198598022161,dev
d017b73f#0,d017b73f,0,1001,24,0.04049816645081139,0.922077922077922,0.9370629370629371,0.9640359640359639,41.708333333333336,923,0.4583333333333333,0,0.0,1.0,0.21330580441429028,0.32417552927154747,0.12196703081503768,test
d19f7514#0,d19f7514,0,1001,4,0.0007484190801667623,0.997002997002997,0.998001998001998,0.9999999999999999,250.25,998,0.75,0,0.0,1.0,0.7745966692414834,0.7745966692414834,0.2581988897471611,dev
d282b262#0,d282b262,0,1001,971,0.14207300144461144,0.01098901098901099,0.013986013986013988,0.020979020979020983,1.030895983522142,11,0.98043254376931,0,0.0,0.0,0.16843406111462553,0.17004368070502177,0.16895244374500737,test
d2acf2cb#0,d2acf2cb,0,1001,46,0.01988620784984585,0.938061938061938,0.946053946053946,0.9560439560439561,21.76086956521739,939,0.8260869565217391,0,0.0,1.0,0.12458751172070061,0.17395934980072406,0.04232201152509559,test
d304284e#0,d304284e,0,576,553,0.12547070220296763,0.010416666666666666,0.019097222222222224,0.03125,1.0415913200723328,6,0.972875226039783,0,0.0,0.0,0.07862501906777986,0.08329649515846807,0.07907364418399539,dev
d37a1ef5#0,d37a1ef5,0,576,29,0.008254530142208005,0.75,0.7951388888888888,0.8975694444444444,19.862068965517242,432,0.5172413793103449,0,0.0,1.0,0.2587259185948401,0.2997142106655459,0.19883608838661987,test
d47aa2ff#0,d47aa2ff,0,1001,11,0.0033969594382048385,0.8121878121878122,0.945054945054945,0.992007992007992,91.0,813,0.36363636363636365,0,0.0,1.0,0.8737303995093297,0.8600478658815158,0.6356875530428595,test
d492a647#0,d492a647,0,1001,3,0.00023480856540947226,0.997002997002997,0.999000999000999,1.0,333.6666666666667,998,0.3333333333333333,0,0.0,1.0,1.0,1.0,0.5,test
d4b1c2b1#0,d4b1c2b1,0,1001,141,0.5267893784565371,0.5764235764235764,0.8131868131868132,0.8401598401598401,7.099290780141844,577,0.8652482269503546,0,0.0,0.0,0.1305134005525297,0.22092822384678507,0.05802279282594633,test
d4c90558#0,d4c90558,0,1001,402,0.8821954290754711,0.04995004995004995,0.07692307692307693,0.15384615384615385,2.490049751243781,50,0.7338308457711443,0,0.0,0.0,0.16507388221756983,0.2103059720783098,0.15658678750303764,dev
d56f2372#0,d56f2372,0,1001,448,0.9022045089834807,0.06993006993006994,0.13186813186813187,0.25374625374625376,2.234375,70,0.7790178571428571,0,0.0,0.0,0.24705771785270886,0.36239416488082765,0.32624348789294305,test
d5c634a2#0,d5c634a2,0,1001,74,0.14758601995056175,0.22277722277722278,0.4035964035964036,0.6093906093906093,13.527027027027026,223,0.4864864864864865,0,0.0,1.0,0.5519147918781271,0.6438759214337688,0.6210784158471321,dev
d5c634a2#1,d5c634a2,1,1001,57,0.11702304984388334,0.43756243756243757,0.5444555444555444,0.7932067932067932,17.56140350877193,438,0.47368421052631576,0,0.0,0.0,0.4404869832631885,0.48997760198926715,0.4647015255250538,dev
d931c21c#0,d931c21c,0,1001,489,0.1830443900285088,0.0999000999000999,0.13986013986013987,0.22677322677322678,2.0470347648261757,100,0.8404907975460123,0,0.0,0.0,0.1902553713155818,0.25423213193598393,0.2339365673632199,test
d94c3b52#0,d94c3b52,0,1001,741,0.10461321083166675,0.03696303696303696,0.060939060939060936,0.10589410589410589,1.3508771929824561,37,0.8677462887989204,0,0.0,0.0,0.14682214786724088,0.17516879394025592,0.16752256740248855,dev
da2b0fe3#0,da2b0fe3,0,1001,104,0.0680693951984992,0.7412587412587412,0.8691308691308691,0.891108891108891,9.625,742,0.875,0,0.0,1.0,0.14066007841360506,0.13156720740119612,0.05118360016857206,test
da2b0fe3#1,da2b0fe3,1,1001,237,0.15637068404809074,0.3306693306693307,0.4945054945054945,0.7292707292707292,4.223628691983122,331,0.9113924050632911,0,0.0,1.0,0.02719166280740669,0.03687160845013874,-0.028380502905369816,test
da515329#0,da515329,0,72,70,0.1229762493828197,0.027777777777777776,0.05555555555555555,0.09722222222222224,1.0285714285714285,2,0.9714285714285714,0,0.0,0.0,0.04668314799849575,0.07639060581572031,0.05517099308913134,test
dc2aa30b#0,dc2aa30b,0,576,570,0.23671308061953078,0.003472222222222222,0.006944444444444444,0.017361111111111112,1.0105263157894737,2,0.9894736842105263,0,0.0,0.0,-0.017028989196526054,-0.01514848707666716,-0.01702898892066722,test
dc2e9a9d#0,dc2e9a9d,0,1001,133,0.024342734270864974,0.3546453546453546,0.5454545454545454,0.7452547452547451,7.526315789473684,355,0.7218045112781954,0,0.0,0.0,0.06761156399703541,0.14847117235793056,0.10127985408294213,dev
dd2401ed#0,dd2401ed,0,1001,126,0.09197844088457241,0.24875124875124874,0.40159840159840154,0.6103896103896104,7.944444444444445,249,0.5238095238095238,0,0.0,0.0,-0.007004571038694705,0.30521494801840166,0.20013635745442002,dev
de493100#0,de493100,0,1001,989,0.9153088173890447,0.002997002997002997,0.004995004995004995,0.01098901098901099,1.012133468149646,3,0.9888776541961577,0,0.0,0.0,0.12071190943590873,0.12238594466576151,0.12069729040085349,test
df8cc377#0,df8cc377,0,1001,453,0.09680998871152202,0.11788211788211789,0.2007992007992008,0.3596403596403596,2.2097130242825607,118,0.9006622516556292,0,0.0,1.0,-0.30292809386912023,-0.021885794102082433,-0.07275925906610306,dev
e0fb7511#0,e0fb7511,0,576,8,0.0017800918071714245,0.9618055555555556,0.9756944444444444,0.9947916666666666,72.0,554,0.375,0,0.0,1.0,-0.5495951187197243,0.3415650255319867,0.0,test
e133d23d#0,e133d23d,0,1001,1,0.0,1.0,1.0,1.0,1001.0,1001,0.0,0,0.0,1.0,,,,dev
e1baa8a4#0,e1baa8a4,0,1001,619,0.8315865233242824,0.022977022977022976,0.04395604395604395,0.08991008991008992,1.617124394184168,23,0.7948303715670436,0,0.0,0.0,0.13401569422549295,0.14683138583256788,0.13073550844611592,test
e1d2900e#0,e1d2900e,0,576,119,0.11202547895358472,0.09027777777777778,0.1579861111111111,0.296875,4.840336134453781,52,0.42857142857142855,3,0.005208333333333333,0.0,0.3286369106459007,0.38230840748609723,-0.07147084400828145,dev
e2092e0c#0,e2092e0c,0,1001,196,0.10571946745870942,0.1888111888111888,0.34965034965034963,0.5504495504495504,5.107142857142857,189,0.7142857142857143,0,0.0,0.0,0.019974577462922822,0.03591598922136984,-0.03375224365365396,test
e21a174a#0,e21a174a,0,1001,265,0.236586889973339,0.16783216783216784,0.25074925074925075,0.4015984015984016,3.7773584905660376,168,0.7245283018867924,0,0.0,1.0,0.27363451325696925,0.3289853535722859,0.2919709558942729,test
e21a174a#1,e21a174a,1,1001,891,0.17818476031329744,0.011988011988011988,0.02097902097902098,0.03996003996003996,1.123456790123457,12,0.936026936026936,0,0.0,0.0,0.19899219312614536,0.20531693781867869,0.20203835848267712,test
e345f17b#0,e345f17b,0,1001,3,0.000498502496504516,0.996003996003996,0.9980019980019981,1.0,333.6666666666667,997,0.0,0,0.0,1.0,1.0,1.0,1.0,dev
e345f17b#1,e345f17b,1,1001,21,0.011727907457178222,0.951048951048951,0.967032967032967,0.9790209790209791,47.666666666666664,952,0.5238095238095238,0,0.0,1.0,0.6256906206437801,0.6546663227950781,0.5599305914186844,dev
e4075551#0,e4075551,0,1001,35,0.009821148138588587,0.7852147852147852,0.8831168831168831,0.9630369630369631,28.6,786,0.6857142857142857,0,0.0,1.0,0.08506049791879805,0.1803487110182131,0.07687832577430445,dev
e41c6fd3#0,e41c6fd3,0,1001,786,0.11520010829084293,0.03596403596403597,0.05094905094905095,0.0879120879120879,1.2735368956743003,36,0.9173027989821882,0,0.0,0.0,0.17013092981654265,0.17317689833507366,0.167520904834461,dev
e57337a4#0,e57337a4,0,1001,62,0.23435637295817247,0.1978021978021978,0.3076923076923077,0.5404595404595405,16.14516129032258,198,0.43548387096774194,0,0.0,0.0,0.5417500070370137,0.5201458511842396,0.4765701174076876,test
e5790162#0,e5790162,0,1001,166,0.041790609680125934,0.7322677322677322,0.7552447552447552,0.7942057942057942,6.030120481927711,733,0.8554216867469879,0,0.0,0.0,0.28477019125021324,0.29992306508097694,0.28086344011814174,test
e5c44e8f#0,e5c44e8f,0,576,356,0.1406785552571369,0.08159722222222222,0.1232638888888889,0.19270833333333331,1.6179775280898876,47,0.8370786516853933,0,0.0,0.0,0.2063101561339531,0.22699008635878887,0.2142045976765104,test
e619ca6e#0,e619ca6e,0,72,67,0.11408017486057898,0.041666666666666664,0.06944444444444445,0.1388888888888889,1.0746268656716418,3,0.9402985074626866,0,0.0,0.0,0.2718702221647239,0.3009302145729328,0.25223317403642137,test
e633a9e5#0,e633a9e5,0,1001,1,0.0,1.0,1.0,1.0,1001.0,1001,0.0,0,0.0,1.0,,,,dev
e66aafb8#0,e66aafb8,0,1001,747,0.884635542901804,0.01098901098901099,0.02197802197802198,0.04995004995004995,1.3400267737617135,11,0.8420348058902276,11,0.01098901098901099,0.0,-0.026473438397955858,0.08915839758837742,0.06469560948810654,dev
e681b708#0,e681b708,0,1001,508,0.015497334305985211,0.03896103896103896,0.06293706293706294,0.11188811188811192,1.970472440944882,39,0.6948818897637795,0,0.0,0.0,0.24572500557381544,0.2567340570357417,0.24864668455519612,dev
e69241bd#0,e69241bd,0,1001,18,0.021301299633707083,0.8881118881118881,0.9430569430569431,0.978021978021978,55.611111111111114,889,0.5555555555555556,0,0.0,1.0,0.1462258004066871,0.179005829343311,-0.07024279379294482,dev
e6de6e8f#0,e6de6e8f,0,576,77,0.20817488079486746,0.265625,0.3784722222222222,0.6024305555555556,7.48051948051948,153,0.5584415584415584,0,0.0,0.0,0.13752196078490297,0.2695620681622727,0.1347085945271854,test
e74e1818#0,e74e1818,0,1001,977,0.16800916055505288,0.003996003996003996,0.006993006993006993,0.015984015984015984,1.0245649948822928,4,0.9825997952917093,2,0.001998001998001998,0.0,0.010284954037740933,0.018725267522046653,0.017066680694342997,dev
e760a62e#0,e760a62e,0,1001,164,0.04687952918575744,0.23376623376623376,0.3726273726273726,0.6823176823176824,6.103658536585366,234,0.8170731707317073,1,0.000999000999000999,1.0,0.02049364861917342,0.00212546308231172,-0.04738591768314334,dev
e7639916#0,e7639916,0,576,32,0.04441418368326222,0.7864583333333334,0.9114583333333334,0.9461805555555556,18.0,453,0.71875,0,0.0,1.0,-0.13491520779573035,-0.0992069002778846,-0.26102151886252983,dev
e78887d1#0,e78887d1,0,1001,330,0.24262928463539934,0.09490509490509491,0.15384615384615385,0.2727272727272727,3.033333333333333,95,0.7181818181818181,0,0.0,0.0,0.3009167700563091,0.2776563114960704,0.26429196806528893,test
e7a25a18#0,e7a25a18,0,1001,171,0.44341122862548177,0.6643356643356644,0.7182817182817183,0.7892107892107892,5.853801169590644,665,0.8421052631578947,0,0.0,1.0,0.09162625749454711,0.32563021715464413,0.25337551945319026,test
e7b06bea#0,e7b06bea,0,1001,74,0.030449486273633752,0.3926073926073926,0.6323676323676324,0.7522477522477522,13.527027027027026,393,0.4189189189189189,0,0.0,1.0,0.2376870914426865,0.11570424226087213,0.08498479686103874,test
e7dd8335#0,e7dd8335,0,576,136,0.07550347931604018,0.18229166666666666,0.27604166666666663,0.46875,4.235294117647059,105,0.6544117647058824,0,0.0,0.0,0.14373624985739714,0.14106410947216394,0.10754632214527833,dev
e872b94a#0,e872b94a,0,72,7,0.7361111111111112,0.3611111111111111,0.6666666666666667,0.9583333333333334,10.285714285714286,26,0.14285714285714285,0,0.0,0.0,,1.0,,test
e88171ec#0,e88171ec,0,1001,3,1.3578305236960908e-05,0.998001998001998,0.9990009990009989,0.9999999999999999,333.6666666666667,999,0.6666666666666666,0,0.0,1.0,0.8660254037844387,0.8660254037844387,0.0,test
e95e3d8e#0,e95e3d8e,0,1001,46,0.0030835005324190146,0.8071928071928072,0.8451548451548452,0.9230769230769231,21.76086956521739,808,0.5869565217391305,0,0.0,1.0,0.5309324863045481,0.5245495499474588,0.4721637967403049,dev
e99362f0#0,e99362f0,0,1001,6,0.007112170007984808,0.935064935064935,0.993006993006993,0.999000999000999,166.83333333333334,936,0.3333333333333333,0,0.0,1.0,0.7941176470588236,0.9856107606091624,0.8116794499134278,dev
e9ac8c9e#0,e9ac8c9e,0,1001,592,0.10730189325096606,0.04295704295704296,0.08191808191808192,0.15584415584415584,1.6908783783783783,43,0.8243243243243243,0,0.0,0.0,0.1307305232417261,0.13624528167959,0.12624182384808602,dev
e9b4f6fc#0,e9b4f6fc,0,1001,663,0.6497343899254193,0.012987012987012988,0.024975024975024976,0.057942057942057944,1.5098039215686274,13,0.7828054298642534,0,0.0,0.0,0.03773165585955623,0.059633578961990445,0.032700242872950674,dev
e9bb6954#0,e9bb6954,0,1001,49,0.02301938631843803,0.8151848151848152,0.9200799200799201,0.9530469530469532,20.428571428571427,816,0.8571428571428571,0,0.0,1.0,0.139651204853723,0.13590603427340797,-0.058688602092156435,dev
e9c9d9a1#0,e9c9d9a1,0,1001,91,0.10869977173229717,0.4115884115884116,0.5644355644355644,0.8271728271728271,11.0,412,0.7472527472527473,0,0.0,1.0,-0.07294348756488654,-0.1310833697443935,-0.2085858252820854,dev
ea959feb#0,ea959feb,0,1001,999,0.06221205958937215,0.002997002997002997,0.003996003996003996,0.006993006993006993,1.002002002002002,3,0.998998998998999,0,0.0,0.0,-0.052137918800591966,-0.052137918800591966,-0.052137918800591966,test
ea9794b1#0,ea9794b1,0,1001,2,0.00031840304665009533,0.996003996003996,1.0,1.0,500.5,997,0.0,0,0.0,1.0,,0.9999999999999999,,test
ecaa0ec1#0,ecaa0ec1,0,1001,15,0.009272914433688162,0.5144855144855145,0.7322677322677322,0.9210789210789211,66.73333333333333,515,0.06666666666666667,0,0.0,0.0,0.728909546279896,0.8484390239426621,0.7695144635759029,dev
ed74f2f2#0,ed74f2f2,0,1001,18,0.47548189287842857,0.4975024975024975,0.8221778221778222,0.987012987012987,55.611111111111114,498,0.8333333333333334,0,0.0,0.0,-0.004765381913745157,0.11913454784362894,-0.636972715803936,test
ed98d772#0,ed98d772,0,1001,519,0.32768779659176395,0.028971028971028972,0.05394605394605395,0.1168831168831169,1.928709055876686,29,0.7186897880539499,0,0.0,0.0,0.24119783493568447,0.24812572466150587,0.23679126168335365,test
ef26cbf6#0,ef26cbf6,0,1001,49,0.0062486146422942035,0.9270729270729271,0.9390609390609391,0.9500499500499501,20.428571428571427,928,0.7959183673469388,0,0.0,1.0,0.22928832144112865,0.23722126356539083,0.13506821944447528,dev
f0afb749#0,f0afb749,0,1001,54,0.06517746904227806,0.7282717282717283,0.7772227772227772,0.8681318681318682,18.537037037037038,729,0.5740740740740741,0,0.0,1.0,0.28581148072338003,0.2705591633411658,0.2075586190429645,test
f0df5ff0#0,f0df5ff0,0,1001,207,0.2595372112766442,0.7452547452547452,0.7542457542457542,0.7682317682317683,4.835748792270532,746,0.8647342995169082,9,0.008991008991008992,1.0,-0.010022349297492777,0.07833075074079617,-0.0651986850387838,dev
f21745ec#0,f21745ec,0,1001,961,0.12708497597345025,0.008991008991008992,0.012987012987012988,0.021978021978021976,1.0416233090530698,9,0.9708636836628513,0,0.0,0.0,0.1542248539640303,0.15844340903039042,0.15544779738169048,dev
f3b10344#0,f3b10344,0,1001,372,0.027926111040929347,0.15984015984015984,0.2257742257742258,0.3246753246753247,2.6908602150537635,160,0.7795698924731183,0,0.0,0.0,0.0845081156894339,0.08732236872795646,0.07781567101521322,dev
f3cdc58f#0,f3cdc58f,0,1001,554,0.2553557337176716,0.07092907092907093,0.11188811188811189,0.1718281718281718,1.8068592057761732,71,0.8050541516245487,0,0.0,0.0,0.21634349793560412,0.2748177919548,0.265100951218377,dev
f3e62deb#0,f3e62deb,0,1001,67,0.11322840489673724,0.4025974025974026,0.6983016983016983,0.9150849150849151,14.940298507462687,403,0.7910447761194029,0,0.0,0.0,0.06080442557776854,0.154468517634054,-0.03300009240363882,test
f3e62deb#1,f3e62deb,1,1001,91,0.10632010582241824,0.4155844155844156,0.7672327672327672,0.865134865134865,11.0,416,0.7692307692307693,0,0.0,0.0,0.1540702566030055,0.09415546939765232,-0.03238516488966815,test
f4081712#0,f4081712,0,1001,999,0.8317209056867134,0.001998001998001998,0.003996003996003996,0.006993006993006993,1.002002002002002,2,0.997997997997998,1,0.000999000999000999,0.0,0.03758444642212815,0.037895061567788116,0.037273831050283396,dev
f45f5ca7#0,f45f5ca7,0,1001,298,0.08697827820676995,0.05194805194805195,0.0979020979020979,0.21878121878121876,3.359060402684564,52,0.6006711409395973,0,0.0,0.0,0.18946046918678497,0.19085083443884762,0.1739989585103475,test
f5aa3634#0,f5aa3634,0,1001,156,0.5903515939025639,0.4855144855144855,0.6353646353646354,0.7042957042957043,6.416666666666667,486,0.7243589743589743,0,0.0,0.0,0.11926263845364862,0.22798148931066275,0.14679641879780972,dev
f5c89df1#0,f5c89df1,0,1001,248,0.03261431145886051,0.34165834165834164,0.4475524475524475,0.5594405594405594,4.036290322580645,342,0.7096774193548387,0,0.0,0.0,0.42488609002520156,0.38967914775476586,0.37398823384350605,test
f823c43c#0,f823c43c,0,1001,3,0.002111064821791575,0.99000999000999,0.999000999000999,1.0,333.6666666666667,991,0.3333333333333333,0,0.0,1.0,0.8660254037844387,1.0,0.5,dev
f83cb3f6#0,f83cb3f6,0,1001,16,0.003614339507711506,0.919080919080919,0.956043956043956,0.9770229770229769,62.5625,920,0.3125,0,0.0,1.0,0.34942295221611286,0.2906798471156261,-0.0569372896412051,test
f8be4b64#0,f8be4b64,0,1001,53,0.009036409190565475,0.4255744255744256,0.5724275724275725,0.8231768231768232,18.88679245283019,426,0.49056603773584906,0,0.0,0.0,0.23658057212197295,0.21683523546997396,0.15749856630420409,dev
f9a67cb5#0,f9a67cb5,0,576,340,0.11820285151968424,0.03993055555555555,0.0642361111111111,0.1284722222222222,1.6941176470588235,23,0.8,0,0.0,0.0,0.09230131819871012,0.15349142837115476,0.14218396765658234,test
f9d67f8b#0,f9d67f8b,0,1001,1001,0.04579326774358128,0.000999000999000999,0.001998001998001998,0.004995004995004995,1.0,1,1.0,0,0.0,0.0,,,,dev
fafd9572#0,fafd9572,0,1001,658,0.14738056632480245,0.024975024975024976,0.04695304695304696,0.08791208791208792,1.5212765957446808,25,0.8267477203647416,0,0.0,0.0,0.021964356405769464,0.06466615309049628,0.04389984863917903,test
fb791726#0,fb791726,0,1001,403,0.5761264985530418,0.12087912087912088,0.15384615384615385,0.24375624375624377,2.4838709677419355,121,0.7617866004962779,0,0.0,0.0,0.11639707964835537,0.19044753995071706,0.16579516678883147,test
fc754716#0,fc754716,0,1001,2,0.006089402044413439,0.9600399600399601,1.0,1.0,500.5,961,0.0,0,0.0,1.0,,0.9999999999999999,,dev
fd096ab6#0,fd096ab6,0,1001,988,0.11590202879552525,0.013986013986013986,0.014985014985014984,0.017982017982017984,1.013157894736842,14,0.9989878542510121,14,0.013986013986013986,0.0,-0.05485280948519527,-0.05418319059341679,-0.05485280948519527,test
fd4b2b02#0,fd4b2b02,0,576,253,0.1145684748520086,0.2586805555555556,0.4322916666666667,0.48263888888888895,2.2766798418972334,149,0.8735177865612648,0,0.0,0.0,0.15031344273848624,0.25705626379723007,0.21678106154086624,test
fe9372f3#0,fe9372f3,0,1001,906,0.12568165168135126,0.04295704295704296,0.058941058941058944,0.07792207792207793,1.1048565121412803,43,0.9812362030905077,0,0.0,0.0,0.16179041597223856,0.18920023188324286,0.18071854033710083,dev
fea12743#0,fea12743,0,1001,725,0.13985444687891246,0.04495504495504495,0.08691308691308691,0.13186813186813187,1.3806896551724137,45,0.8979310344827586,0,0.0,0.0,0.025770567373990368,0.055466831486806735,0.04265254569974818,test
ff72ca3e#0,ff72ca3e,0,1001,553,0.1193554880957044,0.11288711288711288,0.18681318681318682,0.3226773226773227,1.8101265822784811,113,0.9330922242314648,10,0.00999000999000999,0.0,0.026792588185745137,0.05907275929063561,0.048402636784640844,test
