puzzle_id,task_id,pair_index,preference,structural_margin_correct_minus_winner,winner_grid_id,winner_vote_rank,winner_vote_count,winner_vote_share,winner_raw_d,winner_oriented_structural_score,winner_mean_q,winner_shape,winner_is_invalid,correct_grid_id,correct_vote_rank,correct_vote_count,correct_vote_share,correct_raw_d,correct_oriented_structural_score,correct_mean_q,correct_shape
0a2355a6,0a2355a6#0,0,wrong,-0.044103073846003094,91437534f78b1a3d44ec,1,87,0.08691308691308691,0.8221139942005182,0.8221139942005182,0.7196681786371374,15x17,0,bcab8605513eb9ece1c3,12,12,0.011988011988011988,0.7780109203545151,0.7780109203545151,0.7230360570053259,15x17
0bb8deee,0bb8deee#0,0,wrong,-0.034722223715937695,c4a1c8e425bb41d823e3,1,120,0.11988011988011989,0.581068841740489,0.581068841740489,0.8739413648222883,6x6,0,969eb6ca85df307dc89d,70,2,0.001998001998001998,0.5463466180245513,0.5463466180245513,0.884773313999176,6x6
0d87d2a6,0d87d2a6#0,0,wrong,-0.07492806109515104,7a22412305f8041165f5,1,137,0.2378472222222222,0.9481992084329779,0.9481992084329779,0.6984699324425989,23x25,0,2024985e8708a76c7c30,24,2,0.003472222222222222,0.8732711473378268,0.8732711473378268,0.5959759652614594,23x25
0f63c0b9,0f63c0b9#0,0,correct,0.0037037084499995654,5a931347a566bb997d8f,1,431,0.4305694305694306,0.9877777794996897,0.9877777794996897,0.8937468798420546,15x15,0,beeb381b1249a1794a11,2,426,0.4255744255744256,0.9914814879496893,0.9914814879496893,0.9225031431292144,15x15
12eac192,12eac192#0,0,wrong,-0.02759240246406569,18132dd6329b918a1b87,1,73,0.07292707292707293,0.8773421457905544,0.8773421457905544,0.6813558034905015,8x8,0,eb186326adb8e520f7c3,276,1,0.000999000999000999,0.8497497433264887,0.8497497433264887,0.4973943829536438,8x8
15696249,15696249#0,0,wrong,-0.08254483173580934,c9c8e1bf162eef944082,1,323,0.3226773226773227,0.555645670333918,0.555645670333918,0.9413366943436325,9x9,0,d50afb4f8e4a341d5914,3,130,0.12987012987012986,0.47310083859810864,0.47310083859810864,0.9414295038924767,9x9
17cae0c1,17cae0c1#0,0,wrong,-0.016694490382687277,b87dc1bf62a42e90cd41,1,70,0.06993006993006994,0.17597230108383302,0.17597230108383302,0.7383900946804456,3x9,0,c7e35934be33c99db863,86,2,0.001998001998001998,0.15927781070114574,0.15927781070114574,0.2460687980055809,3x9
29700607,29700607#0,0,wrong,-0.015321040612000791,6a5d39ef0771260401be,1,290,0.2897102897102897,0.9439923754105202,0.9439923754105202,0.7803510936940539,11x11,0,d9a099d3c74d3984590b,33,4,0.003996003996003996,0.9286713347985194,0.9286713347985194,0.808075949549675,11x11
2a5f8217,2a5f8217#0,0,wrong,-0.005455540427079408,8f5521bb70edc65c898b,1,155,0.15484515484515485,0.9430945437427953,0.9430945437427953,0.8048987429468862,13x13,0,6394326edfbd6f8214da,2,71,0.07092907092907093,0.9376390033157159,0.9376390033157159,0.7115538048912102,13x13
31adaf00,31adaf00#0,0,correct,0.02030303080876672,7aedd3ff57821e410429,1,154,0.2673611111111111,0.9295454576159968,0.9295454576159968,0.9074370529647772,10x10,0,30dc54271591b788c515,2,152,0.2638888888888889,0.9498484884247635,0.9498484884247635,0.822400304096702,10x10
32e9702f,32e9702f#0,0,wrong,-0.00012820424177706347,9a0ff168ffc75c177afd,1,118,0.11788211788211789,0.9522435924945734,0.9522435924945734,0.7297507359693616,10x10,0,f4ec284bb528f63d776a,4,74,0.07392607392607392,0.9521153882527963,0.9521153882527963,0.7308027233827759,10x10
3391f8c0,3391f8c0#0,0,wrong,-0.031664687936956204,214ec93b523321606c0d,1,94,0.0939060939060939,0.9451475691795349,0.9451475691795349,0.9003789881442456,11x14,0,0bda4a057e766083284f,66,2,0.001998001998001998,0.9134828812425787,0.9134828812425787,0.5142943654209375,11x14
358ba94e,358ba94e#0,0,wrong,-0.03684210463574056,f95a811b753da6d2823e,1,242,0.24175824175824176,0.8894736798186051,0.8894736798186051,0.8813431047457309,5x5,0,c71a2bc92003eee8130e,4,112,0.11188811188811189,0.8526315751828646,0.8526315751828646,0.9602134130629045,5x5
37d3e8b2,37d3e8b2#0,0,correct,0.001477623812889961,e5f40430108829bb63ca,1,147,0.14685314685314685,0.7939925534588298,0.7939925534588298,0.7841731436601301,17x18,0,a87408ec19cf705ccacb,15,7,0.006993006993006993,0.7954701772717198,0.7954701772717198,0.4159497416445187,17x18
3b4c2228,3b4c2228#0,0,wrong,-0.04444444349833898,3b8f9e09723a6fef2408,1,458,0.45754245754245754,0.6761904886790684,0.6761904886790684,0.965681985411061,3x3,0,be2da3425cadd7541312,2,327,0.32667332667332666,0.6317460451807294,0.6317460451807294,0.9037249519372934,3x3
4364c1c4,4364c1c4#0,0,wrong,-0.006435006051450198,e482d8da95a7e7acddef,1,81,0.08091908091908091,0.9291901695835698,0.9291901695835698,0.39867773967116704,14x13,0,1d77bc5caab4c6cf8a12,15,14,0.013986013986013986,0.9227551635321196,0.9227551635321196,0.25569981150329113,14x13
456873bc,456873bc#0,0,wrong,-0.013726802312336361,24a0a4e6cacb1dbba465,1,51,0.05094905094905095,0.9664668243748663,0.9664668243748663,0.385343740383784,19x19,0,f2504aa64e8b0333eb5a,56,3,0.002997002997002997,0.95274002206253,0.95274002206253,0.07077355124056339,19x19
575b1a71,575b1a71#0,0,wrong,-0.0005854805124447804,37745e1006d54982e331,1,40,0.03996003996003996,0.9439344286081104,0.9439344286081104,0.803483410179615,10x10,0,cffa4dd775c6881cea41,14,16,0.015984015984015984,0.9433489480956656,0.9433489480956656,0.7746989037841558,10x10
58743b76,58743b76#0,0,wrong,-0.0009196815913669054,a072f21cc93a58c14a3c,1,36,0.03596403596403597,0.9529794858760589,0.9529794858760589,0.5259456233017974,14x14,0,97b6c4ce1fe6426d5b85,11,8,0.007992007992007992,0.952059804284692,0.952059804284692,0.5564997978508472,14x14
626c0bcc,626c0bcc#0,0,wrong,-0.024049452973599283,3cc6623adf572b89674a,1,44,0.04395604395604396,0.8257684841195577,0.8257684841195577,0.5839545171369206,7x7,0,72b2d18366a06f413787,76,2,0.001998001998001998,0.8017190311459584,0.8017190311459584,0.702917605638504,7x7
62ab2642,62ab2642#0,0,correct,0.012263098887376533,794514ad4468b42cffb1,1,264,0.26373626373626374,0.7696209583792798,0.7696209583792798,0.8799686199618559,5x12,0,1b7d20649a9c1f98f23f,7,26,0.025974025974025976,0.7818840572666563,0.7818840572666563,0.5935909601931388,5x12
642248e4,642248e4#0,0,correct,0.0006492760607866854,5b00b956e6e4b2569faa,1,50,0.04995004995004995,0.9736548664608622,0.9736548664608622,0.47326053217053415,16x18,0,f5a83c42ff722cca79a9,29,4,0.003996003996003996,0.9743041425216489,0.9743041425216489,0.6294513829052448,16x18
696d4842,696d4842#0,0,correct,0.001311189228004439,cc338788e6452fddd8c7,1,187,0.18681318681318682,0.9648077050289074,0.9648077050289074,0.7706936323905692,20x20,0,6c0fff2b9c2ea6560ea4,53,2,0.001998001998001998,0.9661188942569119,0.9661188942569119,0.7935977280139923,20x20
6f473927,6f473927#0,0,wrong,-0.000941619746044231,9119d6da3a054533451e,1,15,0.026041666666666668,0.8038740921540064,0.8038740921540064,0.25692393630743027,12x12,0,a808ca9578d07d474b0c,56,2,0.003472222222222222,0.8029324724079622,0.8029324724079622,0.09574296697974205,12x12
73c3b0d8,73c3b0d8#0,0,wrong,-0.008385745984203385,777e79fe2463091abba7,1,127,0.2204861111111111,0.9421514688797716,0.9421514688797716,0.5863236223794813,12x8,0,ae7c572c12e8023e7d04,10,8,0.013888888888888888,0.9337657228955683,0.9337657228955683,0.23649015463888645,12x8
7e02026e,7e02026e#0,0,correct,0.0007861571491889485,3191f6e14875c8541b14,1,267,0.4635416666666667,0.9634433996002629,0.9634433996002629,0.8904150502846928,12x12,0,82b8cbb484b48958f044,2,84,0.14583333333333334,0.9642295567494519,0.9642295567494519,0.4516909654429626,12x12
8b28cd80,8b28cd80#0,0,wrong,-0.016244315787365515,8dde9589f95fb1b71e4f,1,866,0.8651348651348651,0.9165042293699164,0.9165042293699164,0.9628657980824178,9x9,0,0e268a8ed57c5b4906f5,2,38,0.03796203796203796,0.9002599135825509,0.9002599135825509,0.7030855970163095,9x9
8b28cd80,8b28cd80#1,1,wrong,-0.005985785614360473,c0e7d29031e3ab829325,1,901,0.9000999000999002,0.9124579140634248,0.9124579140634248,0.9088686158287274,9x9,0,2398a2d40ff5de8c7188,2,22,0.02197802197802198,0.9064721284490643,0.9064721284490643,0.277192046019164,9x9
8ba14f53,8ba14f53#0,0,correct,0.04932950404954367,c115cd9777f06cd65e9c,1,90,0.0899100899100899,0.3888888980807929,0.3888888980807929,0.8062699380848143,3x3,0,ce3245210053a33de201,24,8,0.007992007992007992,0.4382184021303366,0.4382184021303366,0.5432227924466133,3x3
9b4c17c4,9b4c17c4#1,1,wrong,-0.005106329137742227,09adaec969158c30b70e,1,92,0.0919080919080919,0.9017839859293394,0.9017839859293394,0.5070988326940847,9x9,0,b728c2e1bca0844f42a5,5,37,0.03696303696303696,0.8966776567915972,0.8966776567915972,0.5761077016390659,9x9
9c56f360,9c56f360#0,0,wrong,-0.01171660708014377,6d885f7fda7415616085,1,32,0.05565217391304348,0.9360698347638368,0.9360698347638368,0.3412702291388996,9x9,0,492f90826fb4ecf2692c,21,4,0.006956521739130435,0.924353227683693,0.924353227683693,0.22947958298027515,9x9
a934301b,a934301b#0,0,wrong,-0.047687513248942714,d9545ca77c5bbd092f0a,1,159,0.2770034843205575,0.8836568421292528,0.8836568421292528,0.8305728225588048,13x12,0,fbd407b89c743bad3211,3,102,0.17770034843205576,0.8359693288803101,0.8359693288803101,0.7028040734722334,13x12
af22c60d,af22c60d#0,0,wrong,-0.0004046479096779798,a8487a238448ac7b35de,1,19,0.01898101898101898,0.9913421473824061,0.9913421473824061,0.14411032278286784,30x30,0,4eb5be98c215a5714dd6,34,2,0.001998001998001998,0.9909374994727281,0.9909374994727281,0.1166079044342041,30x30
b1fc8b8e,b1fc8b8e#0,0,correct,0.07999998331069946,6cc2694e9fa9b9922543,1,44,0.6111111111111112,0.8399999936421713,0.8399999936421713,0.9965145791118796,5x5,0,19f7387c47366629fa7e,2,26,0.3611111111111111,0.9199999769528707,0.9199999769528707,0.9870424774976877,5x5
be03b35f,be03b35f#0,0,correct,0.0714285714285714,db5865eed5b2381d9327,1,209,0.3628472222222222,0.4642857142857143,0.4642857142857143,0.9847758295433373,2x2,0,542e2e66cad28dad201c,8,2,0.003472222222222222,0.5357142857142857,0.5357142857142857,0.5640394389629364,2x2
bf89d739,bf89d739#0,0,wrong,-0.0006722688674927202,20eca757637625aaefcf,1,208,0.3617391304347826,0.9759663677215576,0.9759663677215576,0.770540779384856,14x17,0,c989a432071e3bb6f3d9,3,99,0.17217391304347826,0.9752940988540649,0.9752940988540649,0.7585097060661123,14x17
c3202e5a,c3202e5a#0,0,wrong,-0.033083111846734625,9bed21401bdaa696c910,1,21,0.02097902097902098,0.6445576438315752,0.6445576438315752,0.7119108112085433,5x5,0,7f049471008cae54e8b7,4,14,0.013986013986013986,0.6114745319848406,0.6114745319848406,0.8205867580005101,5x5
c8b7cc0f,c8b7cc0f#0,0,wrong,-0.031111111640930167,4f194de8695bcd24e5b1,1,368,0.3676323676323676,0.7288889026641846,0.7288889026641846,0.8679122977849582,3x3,0,4e0ef9d3dba60bb8c6a5,2,317,0.3166833166833167,0.6977777910232544,0.6977777910232544,0.8746042259578073,3x3
d5c634a2,d5c634a2#1,1,correct,0.011904759066445503,9aee1ff617cde0d12428,1,438,0.43756243756243757,0.6716269818799836,0.6716269818799836,0.8766954449349886,3x6,0,2e0715e637dcc3839685,13,7,0.006993006993006993,0.6835317409464291,0.6835317409464291,0.44507208466529846,3x6
dd2401ed,dd2401ed#0,0,wrong,-0.041219045162200874,41a0a78ee6c188555daf,1,249,0.24875124875124874,0.9142095289230346,0.9142095289230346,0.7683752761428136,7x15,0,782a41346eb1c84f566e,35,4,0.003996003996003996,0.8729904837608338,0.8729904837608338,0.1851213499903679,7x15
e1d2900e,e1d2900e#0,0,correct,0.0005461381653607544,92c8b77705770eb10921,1,52,0.09027777777777778,0.8177495341179735,0.8177495341179735,0.24795804917812347,30x30,0,0d4b4d0fd54f4d9c8ee2,15,10,0.017361111111111112,0.8182956722833342,0.8182956722833342,0.4028678461909294,30x30
e41c6fd3,e41c6fd3#0,0,correct,0.1084650864267046,5eee388c53ea4dbec0d7,1,36,0.03596403596403597,0.8023978987317176,0.8023978987317176,0.7342863683071401,17x30,0,eb56cc3edde909493b7f,6,10,0.00999000999000999,0.9108629851584222,0.9108629851584222,0.06627187058329582,17x30
e681b708,e681b708#0,0,wrong,-0.003194915472403026,6a2235f469bdc912edc1,1,39,0.03896103896103896,0.9864471346668943,0.9864471346668943,0.3339027263797246,26x26,0,125e9c86762104135d05,446,1,0.000999000999000999,0.9832522191944912,0.9832522191944912,0.06577053666114807,26x26
e7dd8335,e7dd8335#0,0,wrong,-0.008454916212293884,71d7454d3a2a240adac5,1,105,0.18229166666666666,0.9208380107526426,0.9208380107526426,0.7151048996618816,9x11,0,7ef107045b3e975c98a0,58,1,0.001736111111111111,0.9123830945403487,0.9123830945403487,0.43512478470802307,9x11
ecaa0ec1,ecaa0ec1#0,0,correct,0.0011806402887616363,0954547a1c40d0b3e512,1,515,0.5144855144855145,0.9811097979545593,0.9811097979545593,0.8505528553596978,11x11,0,f583ad95593ad65a3300,4,40,0.03996003996003996,0.982290438243321,0.982290438243321,0.41706737261265514,11x11
f3b10344,f3b10344#0,0,wrong,-0.001480931862987922,d81218aadd9a94f22d62,1,160,0.15984015984015984,0.9753043966473274,0.9753043966473274,0.66315163068939,30x29,0,9a437d895939c27bbcf5,2,66,0.06593406593406594,0.9738234647843395,0.9738234647843395,0.6358695465394042,30x29
f5aa3634,f5aa3634#0,0,wrong,-0.14121864039090373,33785f7f6d558ca7d2fa,1,486,0.4855144855144855,0.14121864039090373,0.14121864039090373,0.8297753180741283,3x3,0,2f39afcff6b1ac053ec0,14,5,0.004995004995004995,0.0,0.0,0.7471837848424911,4x3
