puzzle_id,task_id,pair_index,grid_id,vote_rank,vote_count,vote_share,correct,raw_d,oriented_structural_score,m1_effective_score,m1_rank,mean_q,height,width,candidate_shape,is_invalid,top_k,eligible_mixed,structural_margin
00576224,00576224#0,0,d54ef9c901ec3073cb26,1,1001,1.0,1,0.0,0.0,0.9999999999999875,1,0.9998067211914253,6,6,6x6,0,2,0,
0607ce86,0607ce86#0,0,9084a3fdb50df8cf671b,1,988,0.987012987012987,1,0.850649356842041,0.850649356842041,0.9876582853075223,1,0.9792001333072601,24,22,24x22,0,2,1,0.016233759266989556
0607ce86,0607ce86#0,0,f28ada051408d37f18d4,2,4,0.003996003996003996,0,0.8344155975750515,0.8344155975750515,0.00393422800939636,2,0.9961138516664505,24,22,24x22,0,2,1,0.016233759266989556
0a2355a6,0a2355a6#0,0,91437534f78b1a3d44ec,1,87,0.08691308691308691,0,0.8221139942005182,0.8221139942005182,0.0901831232588358,1,0.7196681786371374,15,17,15x17,0,2,0,
0a2355a6,0a2355a6#0,0,325ed32e376638a0bdf2,2,79,0.07892107892107893,0,0.8011323543870525,0.8011323543870525,0.08019012679508343,2,0.7690924090109293,15,17,15x17,0,2,0,
0bb8deee,0bb8deee#0,0,c4a1c8e425bb41d823e3,1,120,0.11988011988011989,0,0.581068841740489,0.581068841740489,0.13103602425689514,1,0.8739413648222883,6,6,6x6,0,2,0,
0bb8deee,0bb8deee#0,0,d6f2b14a742134d9801f,2,70,0.06993006993006994,0,0.5618961353826782,0.5618961353826782,0.07498612321625918,2,0.8356544135936669,6,6,6x6,0,2,0,
0becf7df,0becf7df#0,0,881293d7f62c1b7ad293,1,444,0.4435564435564436,1,0.8568907530367875,0.8568907530367875,0.4444616430832462,1,0.9130919535082203,10,10,10x10,0,2,1,-0.0052100840736838405
0becf7df,0becf7df#0,0,a5e6f90ee3628bcfce27,2,334,0.3336663336663337,0,0.8621008371104714,0.8621008371104714,0.3360937952619001,2,0.8922023576109888,10,10,10x10,0,2,1,-0.0052100840736838405
0c9aba6e,0c9aba6e#0,0,d895ed8fd6f53b8bf905,1,1001,1.0,1,0.0,0.0,0.9999999999999875,1,0.9992376273566788,6,4,6x4,0,2,0,
0d87d2a6,0d87d2a6#0,0,7a22412305f8041165f5,1,137,0.2378472222222222,0,0.9481992084329779,0.9481992084329779,0.2363554694911566,1,0.6984699324425989,23,25,23x25,0,2,0,
0d87d2a6,0d87d2a6#0,0,b6275b12f988bce5ae61,2,30,0.052083333333333336,0,0.9662102742628618,0.9662102742628618,0.05269731050189417,2,0.10988957627365986,23,25,23x25,0,2,0,
0f63c0b9,0f63c0b9#0,0,5a931347a566bb997d8f,1,431,0.4305694305694306,0,0.9877777794996897,0.9877777794996897,0.4299052350212227,1,0.8937468798420546,15,15,15x15,0,2,1,0.0037037084499995654
0f63c0b9,0f63c0b9#0,0,beeb381b1249a1794a11,2,426,0.4255744255744256,1,0.9914814879496893,0.9914814879496893,0.42649462545652655,2,0.9225031431292144,15,15,15x15,0,2,1,0.0037037084499995654
12eac192,12eac192#0,0,18132dd6329b918a1b87,1,73,0.07292707292707293,0,0.8773421457905544,0.8773421457905544,0.07360566013656185,1,0.6813558034905015,8,8,8x8,0,2,0,
12eac192,12eac192#0,0,598408e68876385ef8d4,2,20,0.01998001998001998,0,0.8858444558521561,0.8858444558521561,0.0203381222705015,2,0.7442158974707127,8,8,8x8,0,2,0,
137f0df0,137f0df0#0,0,3f42351747b4eebfdce1,1,1000,0.999000999000999,1,0.9900000095367432,0.9900000095367432,0.9990009990009865,1,0.9952285753190517,10,10,10x10,0,2,1,0.0
137f0df0,137f0df0#0,0,651b4264b720a3775f47,2,1,0.000999000999000999,0,0.9900000095367432,0.9900000095367432,0.000999000999000999,2,0.7667768001556396,10,10,10x10,0,2,1,0.0
140c817e,140c817e#0,0,fc24c87e8e55119656e9,1,888,0.8871128871128872,1,0.9818239882588387,0.9818239882588387,0.8874129261889304,1,0.9457880376527706,14,14,14x14,0,2,1,0.003826528787612915
140c817e,140c817e#0,0,890789a7363a05f45826,2,36,0.03596403596403597,0,0.9779974594712257,0.9779974594712257,0.035838798798430375,2,0.7756906557414267,14,14,14x14,0,2,1,0.003826528787612915
14754a24,14754a24#0,0,4746b32c3fa920152ded,1,719,0.7182817182817183,1,0.9852262205547757,0.9852262205547757,0.7185475883890213,1,0.9942485909800205,19,19,19x19,0,2,1,-0.0006155702802869145
14754a24,14754a24#0,0,c6f62eaeaf01885a1d99,2,157,0.15684315684315683,0,0.9858417908350626,0.9858417908350626,0.15699782538531684,2,0.9043638534416818,19,19,19x19,0,2,1,-0.0006155702802869145
15696249,15696249#0,0,c9c8e1bf162eef944082,1,323,0.3226773226773227,0,0.555645670333918,0.555645670333918,0.30468403058216076,1,0.9413366943436325,9,9,9x9,0,2,0,
15696249,15696249#0,0,be2cdb96d67f02dc28b0,2,258,0.25774225774225773,0,0.6632423194220466,0.6632423194220466,0.27101635919938916,2,0.8849541449616122,9,9,9x9,0,2,0,
17b80ad2,17b80ad2#0,0,47ac65385056f1356eb1,1,267,0.26673326673326675,1,0.9515811217327913,0.9515811217327913,0.27182244769449765,1,0.6842653175697344,17,17,17x17,0,2,1,0.025663207388586518
17b80ad2,17b80ad2#0,0,23d653de641c5cc9d56e,2,124,0.12387612387612387,0,0.9259179143442048,0.9259179143442048,0.12304114198647105,2,0.9706493139026626,17,17,17x17,0,2,1,0.025663207388586518
17cae0c1,17cae0c1#0,0,b87dc1bf62a42e90cd41,1,70,0.06993006993006994,0,0.17597230108383302,0.17597230108383302,0.06661312695002777,1,0.7383900946804456,3,9,3x9,0,2,0,
17cae0c1,17cae0c1#0,0,a5b3e374aa38345dc30a,2,38,0.03796203796203796,0,0.2621653386841035,0.2621653386841035,0.039416543531145765,2,0.5737591577987922,3,9,3x9,0,2,0,
195ba7dc,195ba7dc#0,0,478022932b0d5172f67c,1,999,0.998001998001998,1,0.9666666388511658,0.9666666388511658,0.9980349571454076,1,0.9984267163085746,5,6,5x6,0,2,1,0.016666650772094727
195ba7dc,195ba7dc#0,0,5caf6f35c3828f6fbb2e,2,1,0.000999000999000999,0,0.949999988079071,0.949999988079071,0.0009825214272970258,2,0.9560948610305786,5,6,5x6,0,2,1,0.016666650772094727
1d0a4b61,1d0a4b61#0,0,1656d084198261da7dca,1,266,0.26573426573426573,1,0.9756906815961273,0.9756906815961273,0.2678413920014194,1,0.905974815774681,25,25,25x25,0,2,1,-0.0005073709846040719
1d0a4b61,1d0a4b61#0,0,40df840826db6e0677f5,2,4,0.003996003996003996,0,0.9761980525807313,0.9761980525807313,0.00402973415688131,2,0.5793465971946716,25,25,25x25,0,2,1,-0.0005073709846040719
1d398264,1d398264#0,0,aaeb32fe55748b5bde09,1,997,0.996003996003996,1,0.9791666865348816,0.9791666865348816,0.9960039534299822,1,0.9975041303197024,12,12,12x12,0,2,1,0.004629651705423954
1d398264,1d398264#0,0,736d4f440cda4c3cd021,2,2,0.001998001998001998,0,0.9745370348294576,0.9745370348294576,0.0019887732388918023,2,0.17560278624296188,12,12,12x12,0,2,1,0.004629651705423954
1d398264,1d398264#1,1,94727d0c69b2d9676958,1,724,0.7232767232767233,1,0.978515625,0.978515625,0.7212453945081173,1,0.9959751773028742,16,16,16x16,0,2,1,-0.0107421875
1d398264,1d398264#1,1,5cfafc8be64d9e786408,2,136,0.13586413586413587,0,0.9892578125,0.9892578125,0.13694578440322022,2,0.41659112263690024,16,16,16x16,0,2,1,-0.0107421875
20981f0e,20981f0e#0,0,d7a6f6983222fe8f2c9f,1,551,0.9565972222222222,1,0.9936651587486267,0.9936651587486267,0.9567112534686014,1,0.9578394423325135,17,13,17x13,0,2,1,0.0036199092864990234
20981f0e,20981f0e#0,0,734bd43c62f91072296d,2,11,0.019097222222222224,0,0.9900452494621277,0.9900452494621277,0.01903048524194818,2,0.3069295327771794,17,13,17x13,0,2,1,0.0036199092864990234
22a4bbc2,22a4bbc2#0,0,e989d67459be47899adf,1,134,0.13386613386613386,1,0.7395942173470026,0.7395942173470026,0.13970909502543194,1,0.8464933870666063,22,4,22x4,0,2,1,0.16161616095181175
22a4bbc2,22a4bbc2#0,0,2a62ee58d1c2261f7f56,2,62,0.061938061938061936,0,0.5779780563951908,0.5779780563951908,0.05499491862136971,2,0.8825431357949011,22,4,22x4,0,2,1,0.16161616095181175
25094a63,25094a63#0,0,7f15a902456cd71179ef,1,946,0.945054945054945,1,0.844747478311712,0.844747478311712,0.9460095583747575,1,0.9919155835199621,30,30,30x30,0,2,1,0.0031313137574628946
25094a63,25094a63#0,0,e9af5acfcf8b00e88e85,2,30,0.029970029970029972,0,0.8416161645542491,0.8416161645542491,0.02990650968279845,2,0.9852936287720998,30,30,30x30,0,2,1,0.0031313137574628946
256b0a75,256b0a75#0,0,1c2be549294831b9ca0b,1,841,0.8401598401598401,1,0.9862443401533014,0.9862443401533014,0.8411454897102767,1,0.9715231069132207,25,26,25x26,0,2,1,0.004796376999686713
256b0a75,256b0a75#0,0,e319539d368df082ba7f,2,40,0.03996003996003996,0,0.9814479631536147,0.9814479631536147,0.0398154910227519,2,0.9387562490999699,25,26,25x26,0,2,1,0.004796376999686713
292dd178,292dd178#0,0,2fd749da2fb264bd6691,1,983,0.9820179820179821,1,0.9787878870964051,0.9787878870964051,0.9821355325467362,1,0.9886375520745954,11,15,11x15,0,2,1,0.0030303001403808594
292dd178,292dd178#0,0,43ccd516169408d4ea7a,2,6,0.005994005994005994,0,0.9757575869560242,0.9757575869560242,0.005976585179392357,2,0.5373752216498057,11,15,11x15,0,2,1,0.0030303001403808594
29700607,29700607#0,0,6a5d39ef0771260401be,1,290,0.2897102897102897,0,0.9439923754105202,0.9439923754105202,0.2886365646145008,1,0.7803510936940539,11,11,11x11,0,2,0,
29700607,29700607#0,0,720d09b74704338ce0bf,2,174,0.17382617382617382,0,0.9366179305773515,0.9366179305773515,0.1719095155888721,2,0.8750806421726599,11,11,11x11,0,2,0,
2a5f8217,2a5f8217#0,0,8f5521bb70edc65c898b,1,155,0.15484515484515485,0,0.9430945437427953,0.9430945437427953,0.1564862212152503,1,0.8048987429468862,13,13,13x13,0,2,1,-0.005455540427079408
2a5f8217,2a5f8217#0,0,6394326edfbd6f8214da,2,71,0.07092907092907093,1,0.9376390033157159,0.9376390033157159,0.0712907925579049,2,0.7115538048912102,13,13,13x13,0,2,1,-0.005455540427079408
310f3251,310f3251#0,0,bc8cc356832e0e34a3a4,1,315,0.3146853146853147,1,0.887152781089147,0.887152781089147,0.3180015639712424,1,0.9848019610321711,12,12,12x12,0,2,1,0.0011574129263560717
310f3251,310f3251#0,0,72cec34a912ad41829df,2,211,0.21078921078921078,0,0.8859953681627909,0.8859953681627909,0.2127641728531418,2,0.9426320856922611,12,12,12x12,0,2,1,0.0011574129263560717
31adaf00,31adaf00#0,0,7aedd3ff57821e410429,1,154,0.2673611111111111,0,0.9295454576159968,0.9295454576159968,0.26591735291113816,2,0.9074370529647772,10,10,10x10,0,2,1,0.02030303080876672
31adaf00,31adaf00#0,0,30dc54271591b788c515,2,152,0.2638888888888889,1,0.9498484884247635,0.9498484884247635,0.26784715653992314,1,0.822400304096702,10,10,10x10,0,2,1,0.02030303080876672
32e9702f,32e9702f#0,0,9a0ff168ffc75c177afd,1,118,0.11788211788211789,0,0.9522435924945734,0.9522435924945734,0.11861211850690329,1,0.7297507359693616,10,10,10x10,0,2,0,
32e9702f,32e9702f#0,0,554b4cd19f7048bca0b0,2,93,0.09290709290709291,0,0.9346153888946924,0.9346153888946924,0.09184894505587485,2,0.4995324036446951,10,10,10x10,0,2,0,
332efdb3,332efdb3#0,0,8dd26c8c65ef9fb83447,1,6,0.6666666666666666,1,0.8787878751754761,0.8787878751754761,0.6801813023788531,1,0.9838503301143646,11,11,11x11,0,2,1,0.0
332efdb3,332efdb3#0,0,d9812fe7bf7bfc121ade,2,1,0.1111111111111111,0,0.8787878751754761,0.8787878751754761,0.11336355039647553,2,0.8810802102088928,11,11,11x11,0,2,1,0.0
3391f8c0,3391f8c0#0,0,214ec93b523321606c0d,1,94,0.0939060939060939,0,0.9451475691795349,0.9451475691795349,0.09487253143292668,1,0.9003789881442456,11,14,11x14,0,2,0,
3391f8c0,3391f8c0#0,0,85bcd945f81d576e88cb,2,73,0.07292707292707293,0,0.9343093224005266,0.9343093224005266,0.0728833799155327,2,0.7025459896109693,11,14,11x14,0,2,0,
358ba94e,358ba94e#0,0,f95a811b753da6d2823e,1,242,0.24175824175824176,0,0.8894736798186051,0.8894736798186051,0.24570296307818482,1,0.8813431047457309,5,5,5x5,0,2,0,
358ba94e,358ba94e#0,0,f2516f6c3934be51ee24,2,126,0.1258741258741259,0,0.8747368392191435,0.8747368392191435,0.1260565580171459,2,0.8250481501103394,5,5,5x5,0,2,0,
37d3e8b2,37d3e8b2#0,0,e5f40430108829bb63ca,1,147,0.14685314685314685,0,0.7939925534588298,0.7939925534588298,0.1506132006970323,1,0.7841731436601301,17,18,17x18,0,2,0,
37d3e8b2,37d3e8b2#0,0,49956cddf02fe7e5a8f8,2,72,0.07192807192807193,0,0.797362162736044,0.797362162736044,0.07401872539484128,2,0.8531035013082955,17,18,17x18,0,2,0,
3979b1a8,3979b1a8#0,0,015294631710124b5f4d,1,995,0.994005994005994,1,0.7920000076293945,0.7920000076293945,0.995113514644156,1,0.996058333818637,10,10,10x10,0,2,1,0.7920000076293945
3979b1a8,3979b1a8#0,0,045c14cd8cde80830d92,2,2,0.001998001998001998,0,0.0,0.0,0.0009059793655703805,6,0.9974672794342041,10,7,10x7,0,2,1,0.7920000076293945
3b4c2228,3b4c2228#0,0,3b8f9e09723a6fef2408,1,458,0.45754245754245754,0,0.6761904886790684,0.6761904886790684,0.4780756118063548,1,0.965681985411061,3,3,3x3,0,2,1,-0.04444444349833898
3b4c2228,3b4c2228#0,0,be2da3425cadd7541312,2,327,0.32667332667332666,1,0.6317460451807294,0.6317460451807294,0.3264952652114135,2,0.9037249519372934,3,3,3x3,0,2,1,-0.04444444349833898
3b4c2228,3b4c2228#1,1,a9959396f1f93e7cf9b9,1,301,0.3006993006993007,1,0.5763889027759432,0.5763889027759432,0.303274636807702,1,0.8893464408641638,3,3,3x3,0,2,1,-0.0319444449618459
3b4c2228,3b4c2228#1,1,be2da3425cadd7541312,2,190,0.18981018981018982,0,0.6083333477377891,0.6083333477377891,0.19764985170711052,2,0.818749436343971,3,3,3x3,0,2,1,-0.0319444449618459
40f6cd08,40f6cd08#0,0,9debd85ae0dd0b617e4b,1,4,0.003996003996003996,1,0.8550981053430305,0.8550981053430305,0.0038729482641865452,1,0.510913047939539,30,30,30x30,0,2,1,0.001562955340992711
40f6cd08,40f6cd08#0,0,2b3af284e29c2a6a7a02,2,2,0.001998001998001998,0,0.8535351500020378,0.8535351500020378,0.00193344987351202,7,0.4704081118106842,30,30,30x30,0,2,1,0.001562955340992711
4364c1c4,4364c1c4#0,0,e482d8da95a7e7acddef,1,81,0.08091908091908091,0,0.9291901695835698,0.9291901695835698,0.08165864390420076,1,0.39867773967116704,14,13,14x13,0,2,0,
4364c1c4,4364c1c4#0,0,1e39729e2c1266078d6b,2,66,0.06593406593406594,0,0.9255766664539371,0.9255766664539371,0.06629667621076986,2,0.7231067236174237,14,13,14x13,0,2,0,
456873bc,456873bc#0,0,24a0a4e6cacb1dbba465,1,51,0.05094905094905095,0,0.9664668243748663,0.9664668243748663,0.05158728400925253,1,0.385343740383784,19,19,19x19,0,2,0,
456873bc,456873bc#0,0,748c49fab6db69e3736a,2,47,0.04695304695304695,0,0.9614548285399199,0.9614548285399199,0.04730354223292675,2,0.6605166520210023,19,19,19x19,0,2,0,
45737921,45737921#0,0,9ef934db40c46fa25b14,1,1001,1.0,1,0.0,0.0,0.9999999999999875,1,0.9999368604008373,8,9,8x9,0,2,0,
48f8583b,48f8583b#0,0,3e346a4d45bdced5d004,1,405,0.4045954045954046,1,0.5471604959666729,0.5471604959666729,0.4097669631345455,1,0.9631540734090923,9,9,9x9,0,2,1,0.09962963044643408
48f8583b,48f8583b#0,0,fc6bb35523f800d660be,2,214,0.2137862137862138,0,0.44753086552023885,0.44753086552023885,0.19598692209081794,2,0.9713007440076811,9,9,9x9,0,2,1,0.09962963044643408
4cd1b7b2,4cd1b7b2#0,0,1efc5b53c681ae0e6b1b,1,382,0.38161838161838163,1,0.8541666666666666,0.8541666666666666,0.38810823121172194,1,0.9630524392059336,4,4,4x4,0,2,1,0.02213541666666663
4cd1b7b2,4cd1b7b2#0,0,1fdcf16b3b5f7640dd4c,2,130,0.12987012987012986,0,0.83203125,0.83203125,0.1291872202948009,2,0.9665051098053272,4,4,4x4,0,2,1,0.02213541666666663
4f537728,4f537728#0,0,5ceed314e7754591581b,1,1001,1.0,1,0.0,0.0,0.9999999999999875,1,0.9976801771026749,20,20,20x20,0,2,0,
506d28a5,506d28a5#0,0,809f343d1afbb586937b,1,995,0.994005994005994,1,0.7583333253860474,0.7583333253860474,0.9948020643090767,1,0.9946003421467153,4,5,4x5,0,2,1,0.033333341280619266
506d28a5,506d28a5#0,0,bc686b87d3a8b8b3b28b,2,1,0.000999000999000999,0,0.7249999841054281,0.7249999841054281,0.0009670236841665333,3,0.9984793066978455,4,5,4x5,0,2,1,0.033333341280619266
516b51b7,516b51b7#0,0,470ca17feea1549eea61,1,797,0.7962037962037962,1,0.9835934383528573,0.9835934383528573,0.7971276106146035,1,0.9538369274685344,15,17,15x17,0,2,1,0.002961184297289088
516b51b7,516b51b7#0,0,3c93c05b96f9df1d2339,2,51,0.05094905094905095,0,0.9806322540555682,0.9806322540555682,0.050857344633668915,2,0.7980447312196096,15,17,15x17,0,2,1,0.002961184297289088
54db823b,54db823b#0,0,5456e239a2926dfe2814,1,490,0.8506944444444444,1,0.8577777855098248,0.8577777855098248,0.8463075286156068,1,0.9944232720501569,15,15,15x15,0,2,1,-0.046388886868953705
54db823b,54db823b#0,0,fd57a2993314144ff9d1,2,43,0.07465277777777778,0,0.9041666723787785,0.9041666723787785,0.07779416388294452,2,0.9288098464698292,15,15,15x15,0,2,1,-0.046388886868953705
551d5bf1,551d5bf1#0,0,dd7b2be9f221e5eb28a1,1,480,0.8333333333333334,1,0.9745233412142154,0.9745233412142154,0.8344723027549764,1,0.7401623566557343,26,26,26x26,0,2,1,0.0008766143410294802
551d5bf1,551d5bf1#0,0,52cb8fb1a5721b96b4a7,2,31,0.05381944444444445,0,0.9736467268731859,0.9736467268731859,0.05384578020811079,2,0.6906026882990715,26,26,26x26,0,2,1,0.0008766143410294802
55783887,55783887#0,0,3e16f3acb2e817753294,1,218,0.2177822177822178,1,0.9294530249331608,0.9294530249331608,0.2188966660789095,1,0.8089856976694471,19,16,19x16,0,2,1,-0.0013321002652821878
55783887,55783887#0,0,028bb4ba35a158b7cf50,2,217,0.21678321678321677,0,0.930785125198443,0.930785125198443,0.21818300106939317,2,0.8525195663434363,19,16,19x16,0,2,1,-0.0013321002652821878
575b1a71,575b1a71#0,0,37745e1006d54982e331,1,40,0.03996003996003996,0,0.9439344286081104,0.9439344286081104,0.0400747348529725,1,0.803483410179615,10,10,10x10,0,2,0,
575b1a71,575b1a71#0,0,10f23fb1634134ea9317,2,37,0.03696303696303696,0,0.9454098375954728,0.9454098375954728,0.03712386223264807,2,0.862122039134438,10,10,10x10,0,2,0,
58743b76,58743b76#0,0,a072f21cc93a58c14a3c,1,36,0.03596403596403597,0,0.9529794858760589,0.9529794858760589,0.03627829541548084,1,0.5259456233017974,14,14,14x14,0,2,0,
58743b76,58743b76#0,0,25700fc4ad6203213855,2,24,0.023976023976023976,0,0.949527028463088,0.949527028463088,0.024102174737217492,2,0.6523127034306526,14,14,14x14,0,2,0,
5b6cbef5,5b6cbef5#0,0,89c963f76af358d0b638,1,1001,1.0,1,0.0,0.0,0.9999999999999875,1,0.9985105888945954,16,16,16x16,0,2,0,
60c09cac,60c09cac#0,0,04f95e942839a8eb2d46,1,909,0.9080919080919081,1,0.9225531943300938,0.9225531943300938,0.9162742754823335,1,0.9188854492159829,10,10,10x10,0,2,1,0.9045862910595346
60c09cac,60c09cac#0,0,8ad6642adbeea72a2065,2,10,0.00999000999000999,0,0.01796690327055911,0.01796690327055911,0.004079479696817381,6,0.6119901150465011,9,10,9x10,0,2,1,0.9045862910595346
626c0bcc,626c0bcc#0,0,3cc6623adf572b89674a,1,44,0.04395604395604396,0,0.8257684841195577,0.8257684841195577,0.04477920359832823,1,0.5839545171369206,7,7,7x7,0,2,0,
626c0bcc,626c0bcc#0,0,ed8025518441bda1798d,2,39,0.03896103896103896,0,0.8356338420349533,0.8356338420349533,0.04008415809884292,2,0.5834105312824249,7,7,7x7,0,2,0,
62ab2642,62ab2642#0,0,794514ad4468b42cffb1,1,264,0.26373626373626374,0,0.7696209583792798,0.7696209583792798,0.26884941083273034,1,0.8799686199618559,5,12,5x12,0,2,0,
62ab2642,62ab2642#0,0,090e249a840e1d440882,2,73,0.07292707292707293,0,0.758416945918348,0.758416945918348,0.07351266743031014,2,0.659386371300645,5,12,5x12,0,2,0,
62b74c02,62b74c02#0,0,2c4e87157c13026bc25f,1,837,0.8361638361638362,1,0.9685374271301996,0.9685374271301996,0.838240460878494,1,0.8468678758046818,4,14,4x14,0,2,1,0.013605441365923232
62b74c02,62b74c02#0,0,77faf66e2b557e1359d6,2,27,0.026973026973026972,0,0.9549319857642764,0.9549319857642764,0.02667461488080669,2,0.5031420696112845,4,14,4x14,0,2,1,0.013605441365923232
642248e4,642248e4#0,0,5b00b956e6e4b2569faa,1,50,0.04995004995004995,0,0.9736548664608622,0.9736548664608622,0.04998654839387488,1,0.47326053217053415,16,18,16x18,0,2,0,
642248e4,642248e4#0,0,7561c9f6cd1f7d38d902,2,37,0.03696303696303696,0,0.9718975829399699,0.9718975829399699,0.036925100893555614,2,0.5013447499557121,16,18,16x18,0,2,0,
642d658d,642d658d#0,0,3b6840f7b45e5a9baa39,1,535,0.5344655344655345,1,0.0,0.0,0.5344655344655377,1,0.9622115640996772,1,1,1x1,0,2,1,0.0
642d658d,642d658d#0,0,cd4985b14be1e76b4b29,2,434,0.43356643356643354,0,0.0,0.0,0.4335664335664365,2,0.9440774667647577,1,1,1x1,0,2,1,0.0
66f2d22f,66f2d22f#0,0,be2942f2bb5122886d9e,1,997,0.996003996003996,1,0.6875,0.6875,0.9965515031231389,1,0.9945555825231068,4,7,4x7,0,2,1,0.6875
66f2d22f,66f2d22f#0,0,612de506e0289613c9af,2,1,0.000999000999000999,0,0.0,0.0,0.0005026053809876941,5,0.9943732023239136,1,7,1x7,0,2,1,0.6875
68b67ca3,68b67ca3#0,0,36e7581efe049d807765,1,634,0.6333666333666333,1,0.7650273344555839,0.7650273344555839,0.653937663961177,1,0.9163407904774609,3,3,3x3,0,2,1,0.043715844388868
68b67ca3,68b67ca3#0,0,c8dd5a035fb2f6358a88,2,82,0.08191808191808192,0,0.7213114900667159,0.7213114900667159,0.0809609128104741,2,0.8021824657917023,3,3,3x3,0,2,1,0.043715844388868
696d4842,696d4842#0,0,cc338788e6452fddd8c7,1,187,0.18681318681318682,0,0.9648077050289074,0.9648077050289074,0.18708429766975682,1,0.7706936323905692,20,20,20x20,0,2,0,
696d4842,696d4842#0,0,94c573998c7d2009fc03,2,76,0.07592407592407592,0,0.9674475668193577,0.9674475668193577,0.07623524512302934,2,0.7516339748705688,20,20,20x20,0,2,0,
6a11f6da,6a11f6da#0,0,0def05601d10a9e450ac,1,997,0.996003996003996,1,0.8999999910593033,0.8999999910593033,0.9962688048100339,1,0.996610774738021,5,5,5x5,0,2,1,0.030000001192092896
6a11f6da,6a11f6da#0,0,41ffec436fd4361e66bd,2,1,0.000999000999000999,0,0.8699999898672104,0.8699999898672104,0.0009697338121254455,3,0.9232307076454163,5,5,5x5,0,2,1,0.030000001192092896
6f473927,6f473927#0,0,9119d6da3a054533451e,1,15,0.026041666666666668,0,0.8038740921540064,0.8038740921540064,0.027702690610060234,1,0.25692393630743027,12,12,12x12,0,2,0,
6f473927,6f473927#0,0,2083ece924eda4d647ee,2,10,0.017361111111111112,0,0.8041431261609888,0.8041431261609888,0.018473429719039872,4,0.5853475943207741,12,12,12x12,0,2,0,
72207abc,72207abc#0,0,43e4bd258e9bfd9440eb,1,366,0.36563436563436563,1,0.7804083010153984,0.7804083010153984,0.3730475060669864,1,0.8087591019158806,3,29,3x29,0,2,1,-0.0012008934768278356
72207abc,72207abc#0,0,af47580a904d8174ee30,2,189,0.1888111888111888,0,0.7816091944922262,0.7816091944922262,0.19287076414420423,2,0.7619298943293789,3,29,3x29,0,2,1,-0.0012008934768278356
72a961c9,72a961c9#0,0,3cddfe0eccd3039eb035,1,204,0.2037962037962038,1,0.9327443755906204,0.9327443755906204,0.20535702199679004,1,0.7550846877160902,9,11,9x11,0,2,1,-0.005319653820468284
72a961c9,72a961c9#0,0,c847b3210847a18e0934,2,132,0.13186813186813187,0,0.9380640294110887,0.9380640294110887,0.1335868218835515,2,0.904088734564456,9,11,9x11,0,2,1,-0.005319653820468284
73c3b0d8,73c3b0d8#0,0,777e79fe2463091abba7,1,127,0.2204861111111111,0,0.9421514688797716,0.9421514688797716,0.22426343433186435,1,0.5863236223794813,12,8,12x8,0,2,0,
73c3b0d8,73c3b0d8#0,0,e324ea234b553194cb01,2,62,0.1076388888888889,0,0.9328485314951003,0.9328485314951003,0.10846914646687841,2,0.7788815712255817,12,8,12x8,0,2,0,
770cc55f,770cc55f#0,0,bcf9a3b977f84458b410,1,941,0.9400599400599401,1,0.8863636404275894,0.8863636404275894,0.9443253777781018,1,0.9838475965984823,11,5,11x5,0,2,1,0.05584415154797695
770cc55f,770cc55f#0,0,1139f19fe63cc902c10e,2,9,0.008991008991008992,0,0.8305194888796125,0.8305194888796125,0.008541256027534302,2,0.5930770792894893,11,5,11x5,0,2,1,0.05584415154797695
7953d61e,7953d61e#0,0,99f062328d30a9736f1e,1,686,0.6853146853146853,1,0.9689180107526881,0.9689180107526881,0.6895391398540643,1,0.9279131107792562,8,8,8x8,0,2,1,0.013776881720430012
7953d61e,7953d61e#0,0,6846b71cde68e8dd4d01,2,46,0.04595404595404595,0,0.9551411290322581,0.9551411290322581,0.04560468024592943,2,0.9461048491623091,8,8,8x8,0,2,1,0.013776881720430012
7d1f7ee8,7d1f7ee8#0,0,fe7f2f798e8fae19fbf5,1,785,0.7842157842157842,1,0.9618898315863176,0.9618898315863176,0.7856983168657599,1,0.8089688782242074,29,28,29x28,0,2,1,0.001970441774888476
7d1f7ee8,7d1f7ee8#0,0,ffd30415394864639ab8,2,73,0.07292707292707293,0,0.9599193898114291,0.9599193898114291,0.07292111056185047,2,0.6646391419719343,29,28,29x28,0,2,1,0.001970441774888476
7e02026e,7e02026e#0,0,3191f6e14875c8541b14,1,267,0.4635416666666667,0,0.9634433996002629,0.9634433996002629,0.4662341248337684,1,0.8904150502846928,12,12,12x12,0,2,1,0.0007861571491889485
7e02026e,7e02026e#0,0,82b8cbb484b48958f044,2,84,0.14583333333333334,1,0.9642295567494519,0.9642295567494519,0.14679575800756953,2,0.4516909654429626,12,12,12x12,0,2,1,0.0007861571491889485
817e6c09,817e6c09#0,0,7162a8f0191438831942,1,214,0.3715277777777778,1,0.8850436017546855,0.8850436017546855,0.3731669388619441,1,0.9547545494006895,7,15,7x15,0,2,1,-0.004560697246605239
817e6c09,817e6c09#0,0,5752aac2aeeaca28afaf,2,85,0.14756944444444445,0,0.8896042990012908,0.8896042990012908,0.14889804582177577,2,0.8034031555056572,7,15,7x15,0,2,1,-0.004560697246605239
84db8fc4,84db8fc4#0,0,b061d64c043ccd1a433a,1,844,0.8431568431568431,1,0.878571439357031,0.878571439357031,0.8451863346968723,1,0.9497756820648767,10,10,10x10,0,2,1,0.0019047600882393656
84db8fc4,84db8fc4#0,0,c6b6e72bf8e338441aec,2,67,0.06693306693306693,0,0.8766666792687916,0.8766666792687916,0.06696649918562621,2,0.525034735229478,10,10,10x10,0,2,1,0.0019047600882393656
8b28cd80,8b28cd80#0,0,8dde9589f95fb1b71e4f,1,866,0.8651348651348651,0,0.9165042293699164,0.9165042293699164,0.8670093852821548,1,0.9628657980824178,9,9,9x9,0,2,1,-0.016244315787365515
8b28cd80,8b28cd80#0,0,0e268a8ed57c5b4906f5,2,38,0.03796203796203796,1,0.9002599135825509,0.9002599135825509,0.037431280696488795,2,0.7030855970163095,9,9,9x9,0,2,1,-0.016244315787365515
8b28cd80,8b28cd80#1,1,c0e7d29031e3ab829325,1,901,0.9000999000999002,0,0.9124579140634248,0.9124579140634248,0.9027144551519721,1,0.9088686158287274,9,9,9x9,0,2,1,-0.005985785614360473
8b28cd80,8b28cd80#1,1,2398a2d40ff5de8c7188,2,22,0.02197802197802198,1,0.9064721284490643,0.9064721284490643,0.021910318616318647,2,0.277192046019164,9,9,9x9,0,2,1,-0.005985785614360473
8ba14f53,8ba14f53#0,0,c115cd9777f06cd65e9c,1,90,0.0899100899100899,0,0.3888888980807929,0.3888888980807929,0.08742971795577917,1,0.8062699380848143,3,3,3x3,0,2,0,
8ba14f53,8ba14f53#0,0,62ee328e41ac915e190f,2,84,0.08391608391608392,0,0.41954024004396695,0.41954024004396695,0.08414097935812359,2,0.8146837335966882,3,3,3x3,0,2,0,
94414823,94414823#0,0,4d5a4a0de770b402575d,1,712,0.7112887112887113,1,0.7383116912016104,0.7383116912016104,0.7433835720095335,1,0.9938427125302594,10,10,10x10,0,2,1,0.7114718649294469
94414823,94414823#0,0,df60dc68e899e879c7e4,2,15,0.014985014985014986,0,0.026839826272163556,0.026839826272163556,0.007688399111799568,2,0.4177975128094355,10,1,10x1,0,2,1,0.7114718649294469
9772c176,9772c176#0,0,1f84ff83405fcd09e49f,1,575,0.9982638888888888,1,0.9950000047683716,0.9950000047683716,0.9982638888889015,1,0.9845648936085079,20,20,20x20,0,2,1,0.0
9772c176,9772c176#0,0,95eee14473efb0d4b807,2,1,0.001736111111111111,0,0.9950000047683716,0.9950000047683716,0.001736111111111111,2,0.6475229263305664,20,20,20x20,0,2,1,0.0
9b4c17c4,9b4c17c4#1,1,09adaec969158c30b70e,1,92,0.0919080919080919,0,0.9017839859293394,0.9017839859293394,0.09290798373108274,1,0.5070988326940847,9,9,9x9,0,2,0,
9b4c17c4,9b4c17c4#1,1,72a96da71421a0348f54,2,74,0.07392607392607392,0,0.910833175113688,0.910833175113688,0.07540965267971868,2,0.5823753479163389,9,9,9x9,0,2,0,
9c1e755f,9c1e755f#0,0,3e37a283965b7f4aeb73,1,953,0.952047952047952,1,0.9556250050663948,0.9556250050663948,0.9524736444659744,1,0.9710651907878307,10,10,10x10,0,2,1,0.0012499988079071045
9c1e755f,9c1e755f#0,0,f9108fb9bdfe85203aa0,2,21,0.02097902097902098,0,0.9543750062584877,0.9543750062584877,0.020962182313162638,2,0.3090047889522144,10,10,10x10,0,2,1,0.0012499988079071045
9c56f360,9c56f360#0,0,6d885f7fda7415616085,1,32,0.05565217391304348,0,0.9360698347638368,0.9360698347638368,0.05689945320764632,1,0.3412702291388996,9,9,9x9,0,2,0,
9c56f360,9c56f360#0,0,f268d5c56a96fd798c55,2,21,0.036521739130434785,0,0.9119289147246415,0.9119289147246415,0.03644963141248341,2,0.4534727219669592,9,9,9x9,0,2,0,
9caba7c3,9caba7c3#0,0,02384d8292df187cb922,1,998,0.997002997002997,1,0.9870729446411133,0.9870729446411133,0.997026786468619,1,0.9990167888945234,19,19,19x19,0,2,1,0.0036934614181518555
9caba7c3,9caba7c3#0,0,8062e0e130d86bf3d33d,2,1,0.000999000999000999,0,0.9833794832229614,0.9833794832229614,0.000995341782248497,2,0.9996495246887207,19,19,19x19,0,2,1,0.0036934614181518555
9def23fe,9def23fe#0,0,d853278834ab5b6e5243,1,934,0.9330669330669331,1,0.9846250116825104,0.9846250116825104,0.9331060442183144,1,0.9491049813972168,20,20,20x20,0,2,1,-0.0003749966621399148
9def23fe,9def23fe#0,0,5bb8a2865b257f87579f,2,33,0.03296703296703297,0,0.9850000083446503,0.9850000083446503,0.0329807802024096,2,0.2947169593112035,20,20,20x20,0,2,1,-0.0003749966621399148
a04b2602,a04b2602#0,0,93691246fc764048b640,1,472,0.47152847152847155,1,0.9873931683026828,0.9873931683026828,0.4718425856284957,1,0.6954804085968536,16,27,16x27,0,2,1,0.0008190888624924897
a04b2602,a04b2602#0,0,d84e7c16ab6e2a52bbef,2,166,0.16583416583416583,0,0.9865740794401903,0.9865740794401903,0.16580877041252076,2,0.6590064984847264,16,27,16x27,0,2,1,0.0008190888624924897
a934301b,a934301b#0,0,d9545ca77c5bbd092f0a,1,159,0.2770034843205575,0,0.8836568421292528,0.8836568421292528,0.28117382927441426,1,0.8305728225588048,13,12,13x12,0,2,0,
a934301b,a934301b#0,0,cdec3384bc9295a94331,2,135,0.23519163763066203,0,0.8876108293221375,0.8876108293221375,0.23967831042337157,2,0.7832008920334004,13,12,13x12,0,2,0,
aa18de87,aa18de87#0,0,02711ab08fa17b2892aa,1,979,0.978021978021978,1,0.733796293536822,0.733796293536822,0.9795894015985667,1,0.9867111380545915,4,9,4x9,0,2,1,0.013888890544573429
aa18de87,aa18de87#0,0,55ca8c82f2485b8aa30c,2,10,0.00999000999000999,0,0.7199074029922485,0.7199074029922485,0.00986800855713877,2,0.6059232540428638,4,9,4x9,0,2,1,0.013888890544573429
aa300dc3,aa300dc3#0,0,f629ea06420f1d105a29,1,449,0.7795138888888888,1,0.8971428573131561,0.8971428573131561,0.7752376374094959,1,0.9925847869275142,10,10,10x10,0,2,1,-0.02714285680225914
aa300dc3,aa300dc3#0,0,f5fadf2cf3cd4d7f06b4,2,94,0.16319444444444445,0,0.9242857141154153,0.9242857141154153,0.16676478767915284,2,0.828411339286794,10,10,10x10,0,2,1,-0.02714285680225914
ac3e2b04,ac3e2b04#0,0,652e3987fdacf28777bd,1,984,0.983016983016983,1,0.9591346245545608,0.9591346245545608,0.9838320565962939,1,0.9973153842052793,16,18,16x18,0,2,1,0.12179488860643828
ac3e2b04,ac3e2b04#0,0,6d20a15ae16f99464ae7,2,5,0.004995004995004995,0,0.8373397359481225,0.8373397359481225,0.0044258941908370975,2,0.9896366953849792,16,18,16x18,0,2,1,0.12179488860643828
af22c60d,af22c60d#0,0,a8487a238448ac7b35de,1,19,0.01898101898101898,0,0.9913421473824061,0.9913421473824061,0.01904053738788549,1,0.14411032278286784,30,30,30x30,0,2,0,
af22c60d,af22c60d#0,0,bb9c4251bfabc40ba5f3,2,15,0.014985014985014986,0,0.9916826922159928,0.9916826922159928,0.015037123143726313,2,0.14156411178410053,30,30,30x30,0,2,0,
b1fc8b8e,b1fc8b8e#0,0,6cc2694e9fa9b9922543,1,44,0.6111111111111112,0,0.8399999936421713,0.8399999936421713,0.5921656626824553,1,0.9965145791118796,5,5,5x5,0,2,1,0.07999998331069946
b1fc8b8e,b1fc8b8e#0,0,19f7387c47366629fa7e,2,26,0.3611111111111111,1,0.9199999769528707,0.9199999769528707,0.3790595507631239,2,0.9870424774976877,5,5,5x5,0,2,1,0.07999998331069946
b1fc8b8e,b1fc8b8e#1,1,6cc2694e9fa9b9922543,1,38,0.5277777777777778,1,0.8114285639354161,0.8114285639354161,0.5079791593693845,1,0.9845240633738669,5,5,5x5,0,2,1,-0.09142856938498367
b1fc8b8e,b1fc8b8e#1,1,19f7387c47366629fa7e,2,25,0.3472222222222222,0,0.9028571333203997,0.9028571333203997,0.3661923187279204,2,0.9008689171075821,5,5,5x5,0,2,1,-0.09142856938498367
b7fb29bc,b7fb29bc#0,0,7c07a42dddb471a1990b,1,403,0.4025974025974026,1,0.9443418805415814,0.9443418805415814,0.4084725252606335,1,0.834221166172631,15,15,15x15,0,2,1,0.06403419008621802
b7fb29bc,b7fb29bc#0,0,0426d6a0e248958e3e1c,2,81,0.08091908091908091,0,0.8803076904553634,0.8803076904553634,0.07700751827742698,2,0.6135082025954752,15,15,15x15,0,2,1,0.06403419008621802
b9630600,b9630600#0,0,b1c439f470298c4ff120,1,21,0.2916666666666667,1,0.9855555485595356,0.9855555485595356,0.29217195066880736,1,0.9227130097292718,30,30,30x30,0,2,1,0.0024242374030026825
b9630600,b9630600#0,0,0fe1820e376cd2944ac5,2,18,0.25,0,0.983131311156533,0.983131311156533,0.2498267265781314,2,0.8730669799778197,30,30,30x30,0,2,1,0.0024242374030026825
bbb1b8b6,bbb1b8b6#0,0,307ec3c0cce2b3073d4b,1,998,0.997002997002997,1,0.6041666666666666,0.6041666666666666,0.9966053053305128,1,0.9972184338048847,4,4,4x4,0,2,1,-0.125
bbb1b8b6,bbb1b8b6#0,0,820e898b763bdbc928e9,2,1,0.000999000999000999,0,0.7291666666666666,0.7291666666666666,0.0011315648898331152,2,0.9345604181289673,4,4,4x4,0,2,1,-0.125
bbb1b8b6,bbb1b8b6#1,1,ff3dd32dcfb5283b38c1,1,858,0.8571428571428571,1,0.75,0.75,0.8529243303836531,1,0.9580935433437496,4,4,4x4,0,2,1,0.022727272727272707
bbb1b8b6,bbb1b8b6#1,1,e9c34787d85175806462,2,52,0.05194805194805195,0,0.7272727272727273,0.7272727272727273,0.05053080649732783,2,0.6329501397334613,4,4,4x4,0,2,1,0.022727272727272707
be03b35f,be03b35f#0,0,db5865eed5b2381d9327,1,209,0.3628472222222222,0,0.4642857142857143,0.4642857142857143,0.33824136565596014,1,0.9847758295433373,2,2,2x2,0,2,0,
be03b35f,be03b35f#0,0,2fb4e1f9738a63fc5362,2,181,0.3142361111111111,0,0.6071428571428571,0.6071428571428571,0.3379100251845347,2,0.9810495773402367,2,2,2x2,0,2,0,
bf89d739,bf89d739#0,0,20eca757637625aaefcf,1,208,0.3617391304347826,0,0.9759663677215576,0.9759663677215576,0.3618961946424152,1,0.770540779384856,14,17,14x17,0,2,0,
bf89d739,bf89d739#0,0,c030537b884ca4622cdf,2,164,0.2852173913043478,0,0.9766386365890503,0.9766386365890503,0.2855331209107241,2,0.7158417860727485,14,17,14x17,0,2,0,
c3202e5a,c3202e5a#0,0,9bed21401bdaa696c910,1,21,0.02097902097902098,0,0.6445576438315752,0.6445576438315752,0.022206366263169016,1,0.7119108112085433,5,5,5x5,0,2,0,
c3202e5a,c3202e5a#0,0,58a32c078a17e1541474,2,16,0.015984015984015984,0,0.6282573758197534,0.6282573758197534,0.016645585279395133,2,0.8021971825510263,5,5,5x5,0,2,0,
c7d4e6ad,c7d4e6ad#0,0,4426b9ee12be7e72fc72,1,987,0.986013986013986,1,0.9900000095367432,0.9900000095367432,0.98610562470529,1,0.9793074001928955,10,10,10x10,0,2,1,0.006666660308837891
c7d4e6ad,c7d4e6ad#0,0,d1c50fc626fba087cc21,2,12,0.011988011988011988,0,0.9833333492279053,0.9833333492279053,0.011909464538332913,2,0.9401948899030685,10,10,10x10,0,2,1,0.006666660308837891
c87289bb,c87289bb#0,0,99e27f5b7e5dca5ba000,1,537,0.9322916666666666,1,0.9487499985843897,0.9487499985843897,0.9343443413324317,1,0.9329578044548548,10,15,10x15,0,2,1,0.03374999761581421
c87289bb,c87289bb#0,0,2a954c8935e51f386e48,2,3,0.005208333333333333,0,0.9150000009685755,0.9150000009685755,0.005046572200466271,3,0.5309060961008072,10,15,10x15,0,2,1,0.03374999761581421
c8b7cc0f,c8b7cc0f#0,0,4f194de8695bcd24e5b1,1,368,0.3676323676323676,0,0.7288889026641846,0.7288889026641846,0.37817549811446155,1,0.8679122977849582,3,3,3x3,0,2,1,-0.031111111640930167
c8b7cc0f,c8b7cc0f#0,0,4e0ef9d3dba60bb8c6a5,2,317,0.3166833166833167,1,0.6977777910232544,0.6977777910232544,0.31578641800143253,2,0.8746042259578073,3,3,3x3,0,2,1,-0.031111111640930167
ca8de6ea,ca8de6ea#0,0,44f8ada0161506e55d75,1,948,0.9470529470529471,1,0.7342995314494424,0.7342995314494424,0.9500022929696647,1,0.987361944032998,3,3,3x3,0,2,1,0.10628018819767504
ca8de6ea,ca8de6ea#0,0,81e48515b260b53eb779,2,7,0.006993006993006993,0,0.6280193432517673,0.6280193432517673,0.006307502871890426,2,0.818030372262001,3,3,3x3,0,2,1,0.10628018819767504
cd3c21df,cd3c21df#0,0,31fa6fa178c5c42a238d,1,591,0.5904095904095904,1,0.18604651162790697,0.18604651162790697,0.6160872841189206,1,0.8931410536422141,3,2,3x2,0,2,1,0.13953488372093023
cd3c21df,cd3c21df#0,0,f6488140126ac3b594b5,2,129,0.12887112887112886,0,0.046511627906976744,0.046511627906976744,0.1169621235131249,2,0.7861799843782602,2,2,2x2,0,2,1,0.13953488372093023
ce8d95cc,ce8d95cc#0,0,06c0e8d933d10e40b654,1,119,0.11888111888111888,1,0.051452530779928535,0.051452530779928535,0.10628370535423963,1,0.7906736081638256,7,9,7x9,0,2,1,0.00035938901721306593
ce8d95cc,ce8d95cc#0,0,3661fdcf5838022b8c28,2,110,0.10989010989010989,0,0.05109314176271547,0.05109314176271547,0.0982101399352222,2,0.9541179638017308,7,9,7x9,0,2,1,0.00035938901721306593
cf133acc,cf133acc#0,0,f35fd93d71151aac90ad,1,875,0.8741258741258742,1,0.9853262835078769,0.9853262835078769,0.8750826505221494,1,0.9674075939485005,15,15,15x15,0,2,1,0.009382715300908062
cf133acc,cf133acc#0,0,c410822709e612f863e3,2,29,0.028971028971028972,0,0.9759435682069688,0.9759435682069688,0.02873188747857522,2,0.733512477628116,15,15,15x15,0,2,1,0.009382715300908062
d19f7514,d19f7514#0,0,ee2b77e47d5e136e0c21,1,998,0.997002997002997,1,0.875,0.875,0.9972152507224847,1,0.9997811670413237,6,4,6x4,0,2,1,0.04166666666666663
d19f7514,d19f7514#0,0,6dc7019d96e9fb1cb519,2,1,0.000999000999000999,0,0.8333333333333334,0.8333333333333334,0.0009584352254122663,2,0.9888717532157898,6,4,6x4,0,2,1,0.04166666666666663
d5c634a2,d5c634a2#0,0,7314ddbb697482b333a7,1,223,0.22277722277722278,1,0.7633181108187322,0.7633181108187322,0.22568335045710095,1,0.9362579353588044,3,6,3x6,0,2,1,0.006088278881490994
d5c634a2,d5c634a2#0,0,9aee1ff617cde0d12428,2,181,0.18081918081918083,0,0.7572298319372412,0.7572298319372412,0.18206611558604696,2,0.8172446430882038,3,6,3x6,0,2,1,0.006088278881490994
d5c634a2,d5c634a2#1,1,9aee1ff617cde0d12428,1,438,0.43756243756243757,0,0.6716269818799836,0.6716269818799836,0.440300859872555,1,0.8766954449349886,3,6,3x6,0,2,0,
d5c634a2,d5c634a2#1,1,495e847a4542e5c74b90,2,107,0.1068931068931069,0,0.7023809477686882,0.7023809477686882,0.11092143474956842,2,0.6606252956613202,3,6,3x6,0,2,0,
dd2401ed,dd2401ed#0,0,41a0a78ee6c188555daf,1,249,0.24875124875124874,0,0.9142095289230346,0.9142095289230346,0.25286362314341876,1,0.7683752761428136,7,15,7x15,0,2,0,
dd2401ed,dd2401ed#0,0,7f0b5c2b18ec6ac14b0e,2,153,0.15284715284715283,0,0.8836571497917175,0.8836571497917175,0.15069877098607107,2,0.4773800844947497,7,15,7x15,0,2,0,
df8cc377,df8cc377#0,0,2c7ff59eedbaa6f40fa6,1,118,0.11788211788211789,1,0.9005701117283476,0.9005701117283476,0.11773770639011852,1,0.8452544859531572,22,26,22x26,0,2,1,0.0022742728480196206
df8cc377,df8cc377#0,0,e1bc18a7681bc4c50c96,2,83,0.08291708291708291,0,0.8982958388803279,0.8982958388803279,0.08262737429875872,2,0.8648275741970682,22,26,22x26,0,2,1,0.0022742728480196206
e133d23d,e133d23d#0,0,a5e895ac74772928576d,1,1001,1.0,1,0.0,0.0,0.9999999999999875,1,0.9983779463496479,3,3,3x3,0,2,0,
e1d2900e,e1d2900e#0,0,92c8b77705770eb10921,1,52,0.09027777777777778,0,0.8177495341179735,0.8177495341179735,0.09315366461131092,1,0.24795804917812347,30,30,30x30,0,2,0,
e1d2900e,e1d2900e#0,0,13204ad5b2d8c5a9fd7d,2,39,0.06770833333333333,0,0.8176365378549544,0.8176365378549544,0.06985735439250089,2,0.13122726661654618,30,30,30x30,0,2,0,
e345f17b,e345f17b#0,0,1530d8d6baff009aab0e,1,997,0.996003996003996,1,0.9375,0.9375,0.9961264638934868,1,0.9980270928042823,4,4,4x4,0,2,1,0.03125
e345f17b,e345f17b#0,0,2c5f0dd4fe9b472ac8bf,2,2,0.001998001998001998,0,0.90625,0.90625,0.0019367680532537072,2,0.9169886112213135,4,4,4x4,0,2,1,0.03125
e345f17b,e345f17b#1,1,165c801918627f4336f9,1,952,0.951048951048951,1,0.81875,0.81875,0.9539955137970835,1,0.9847189054644409,4,4,4x4,0,2,1,0.03125
e345f17b,e345f17b#1,1,b329ecc1a5dfb34a0364,2,16,0.015984015984015984,0,0.7875,0.7875,0.01554023794140292,2,0.6769315237179399,4,4,4x4,0,2,1,0.03125
e4075551,e4075551#0,0,8ead185a2f5e044f3423,1,786,0.7852147852147852,1,0.9536764726919287,0.9536764726919287,0.7873684086613302,1,0.761065735858474,16,15,16x15,0,2,1,0.002941175418741615
e4075551,e4075551#0,0,cb00e45237f4259734f5,2,98,0.0979020979020979,0,0.9507352972731871,0.9507352972731871,0.09788230303314122,2,0.8893551528453827,16,15,16x15,0,2,1,0.002941175418741615
e41c6fd3,e41c6fd3#0,0,5eee388c53ea4dbec0d7,1,36,0.03596403596403597,0,0.8023978987317176,0.8023978987317176,0.03308508032010083,1,0.7342863683071401,17,30,17x30,0,2,0,
e41c6fd3,e41c6fd3#0,0,d59de5d40ac32356799c,2,15,0.014985014985014986,0,0.8200299695039251,0.8200299695039251,0.014030671694672538,3,0.505682767679294,17,30,17x30,0,2,0,
e633a9e5,e633a9e5#0,0,d5a1ddccdf45093d1c19,1,1001,1.0,1,0.0,0.0,0.9999999999999875,1,0.9999291151910872,5,5,5x5,0,2,0,
e681b708,e681b708#0,0,6a2235f469bdc912edc1,1,39,0.03896103896103896,0,0.9864471346668943,0.9864471346668943,0.039073809731787694,1,0.3339027263797246,26,26,26x26,0,2,0,
e681b708,e681b708#0,0,3995de0fa13ad8483c2e,2,24,0.023976023976023976,0,0.986948984967181,0.986948984967181,0.024057491603815626,2,0.4610401475802064,26,26,26x26,0,2,0,
e69241bd,e69241bd#0,0,80a35acb9fe16b6d7fd5,1,889,0.8881118881118881,1,0.9244735065628501,0.9244735065628501,0.8929874747560311,1,0.9723614815987135,9,9,9x9,0,2,1,0.058097316938288124
e69241bd,e69241bd#0,0,93e548416377422a44d8,2,55,0.054945054945054944,0,0.866376189624562,0.866376189624562,0.052128466814047876,2,0.9473367019133134,9,9,9x9,0,2,1,0.058097316938288124
e760a62e,e760a62e#0,0,5c1df21481bcb3f517b9,1,234,0.23376623376623376,1,0.922718168036338,0.922718168036338,0.236419264351008,1,0.9059715307054993,28,28,28x28,0,2,1,0.007966068990391428
e760a62e,e760a62e#0,0,fd8b31dd362c34905fcb,2,139,0.13886113886113885,0,0.9147520990459466,0.9147520990459466,0.1393227970140371,2,0.8537890274988876,28,28,28x28,0,2,1,0.007966068990391428
e7639916,e7639916#0,0,2a36eb0ad31508b08a0d,1,453,0.7864583333333334,1,0.8590925143611047,0.8590925143611047,0.7982674247103446,1,0.9799667417871505,14,13,14x13,0,2,1,0.0646933682503239
e7639916,e7639916#0,0,76b67c9efe57c6223366,2,72,0.125,0,0.7943991461107808,0.7943991461107808,0.11892871562695283,2,0.9818394887778494,14,13,14x13,0,2,1,0.0646933682503239
e7dd8335,e7dd8335#0,0,71d7454d3a2a240adac5,1,105,0.18229166666666666,0,0.9208380107526426,0.9208380107526426,0.18510403872471445,1,0.7151048996618816,9,11,9x11,0,2,0,
e7dd8335,e7dd8335#0,0,675e14db4955aa5a3bc3,2,54,0.09375,0,0.907220353462078,0.907220353462078,0.09390879803400773,2,0.671025313436985,9,11,9x11,0,2,0,
e95e3d8e,e95e3d8e#0,0,b30afa8c604f766e9417,1,808,0.8071928071928072,1,0.9848944001727634,0.9848944001727634,0.8075344505974804,1,0.977862779401464,22,22,22x22,0,2,1,0.0013774130079481361
e95e3d8e,e95e3d8e#0,0,482cc6f2743556943b9f,2,38,0.03796203796203796,0,0.9835169871648153,0.9835169871648153,0.03792582982431545,2,0.9925024054552379,22,22,22x22,0,2,1,0.0013774130079481361
e99362f0,e99362f0#0,0,7c4768c214a24ea10451,1,936,0.935064935064935,1,0.8599999904632568,0.8599999904632568,0.934863809854035,1,0.9563099050050617,5,4,5x4,0,2,1,-0.010000002384185858
e99362f0,e99362f0#0,0,45e5b822da410a523388,2,58,0.057942057942057944,0,0.8699999928474427,0.8699999928474427,0.05851179730398121,2,0.5919115754037068,5,4,5x4,0,2,1,-0.010000002384185858
e9bb6954,e9bb6954#0,0,502192c0ed5b068196ea,1,816,0.8151848151848152,1,0.9578716518978277,0.9578716518978277,0.8217059707516504,1,0.9981392881303441,19,19,19x19,0,2,1,0.054305170973141914
e9bb6954,e9bb6954#0,0,9f6a8915a87cb0715ca0,2,105,0.1048951048951049,0,0.9035664809246858,0.9035664809246858,0.10014543259908351,2,0.9973580456915356,19,19,19x19,0,2,1,0.054305170973141914
e9c9d9a1,e9c9d9a1#0,0,32f3c93672ac43799a02,1,412,0.4115884115884116,1,0.8797037058406406,0.8797037058406406,0.4204585879735433,1,0.9603907748044116,15,15,15x15,0,2,1,0.04562963379753959
e9c9d9a1,e9c9d9a1#0,0,cd60c912eddb77cf6d25,2,153,0.15284715284715283,0,0.834074072043101,0.834074072043101,0.1491766135718898,2,0.9414556162809234,15,15,15x15,0,2,1,0.04562963379753959
ecaa0ec1,ecaa0ec1#0,0,0954547a1c40d0b3e512,1,515,0.5144855144855145,0,0.9811097979545593,0.9811097979545593,0.5139563687192615,1,0.8505528553596978,11,11,11x11,0,2,0,
ecaa0ec1,ecaa0ec1#0,0,fe682d554c029d045e08,2,218,0.2177822177822178,0,0.9846517145633698,0.9846517145633698,0.21833016923880602,2,0.4439673940864725,11,11,11x11,0,2,0,
ef26cbf6,ef26cbf6#0,0,74ba3918fad922674b93,1,928,0.9270729270729271,1,0.9512986938158671,0.9512986938158671,0.9289143677206314,1,0.9659744210155874,11,7,11x7,0,2,1,0.00595237935582793
ef26cbf6,ef26cbf6#0,0,f2ef4404242cf0883644,2,12,0.011988011988011988,0,0.9453463144600391,0.9453463144600391,0.011940537161784233,2,0.7261535103122393,11,7,11x7,0,2,1,0.00595237935582793
f0df5ff0,f0df5ff0#0,0,a3f647e1e1173e6c0be2,1,746,0.7452547452547452,1,0.4809708760201352,0.4809708760201352,0.7865037322251761,1,0.9764138997080498,15,15,15x15,0,2,1,0.4809708760201352
f0df5ff0,f0df5ff0#0,0,df3f619804a92fdb4057,2,9,0.008991008991008992,0,0.0,0.0,0.005865721948825386,3,0.9408397807015313,0,0,0x0,1,2,1,0.4809708760201352
f3b10344,f3b10344#0,0,d81218aadd9a94f22d62,1,160,0.15984015984015984,0,0.9753043966473274,0.9753043966473274,0.1613831554232981,1,0.66315163068939,30,29,30x29,0,2,1,-0.001480931862987922
f3b10344,f3b10344#0,0,9a437d895939c27bbcf5,2,66,0.06593406593406594,1,0.9738234647843395,0.9738234647843395,0.06647203812497718,2,0.6358695465394042,30,29,30x29,0,2,1,-0.001480931862987922
f5aa3634,f5aa3634#0,0,33785f7f6d558ca7d2fa,1,486,0.4855144855144855,0,0.14121864039090373,0.14121864039090373,0.4732531136014051,1,0.8297753180741283,3,3,3x3,0,2,0,
f5aa3634,f5aa3634#0,0,ecb1f3cdb7075f216252,2,150,0.14985014985014986,0,0.1390681025962676,0.1390681025962676,0.1457519933529758,2,0.8366560962299506,3,3,3x3,0,2,0,
f823c43c,f823c43c#0,0,2184f7e504f6cd8c0fcf,1,991,0.99000999000999,1,0.517578125,0.517578125,0.9903814444255774,1,0.9987782153003031,16,16,16x16,0,2,1,0.0
f823c43c,f823c43c#0,0,6c197093f9eb76382b26,2,9,0.008991008991008992,0,0.517578125,0.517578125,0.008994382441806616,2,0.8618732856379615,16,16,16x16,0,2,1,0.0
fc754716,fc754716#0,0,fffec0f4651ba070576c,1,961,0.9600399600399601,1,0.920634925365448,0.920634925365448,0.9600399600399488,1,0.9784475040237316,9,7,9x7,0,2,1,0.0
fc754716,fc754716#0,0,3633f7f14a9dae5e9e96,2,40,0.03996003996003996,0,0.920634925365448,0.920634925365448,0.03996003996003999,2,0.8889507204294205,9,7,9x7,0,2,1,0.0
