metric,value
scope.step,Step 1 — top-mode structural discrimination
scope.split,committed ARC1 DEV only
scope.release_source,.
scope.cache,artifacts/cache/arc1_normal
scope.existing_results,artifacts/results/arc1_main
scope.held_out_test_puzzle_count_metadata_only,200
scope.held_out_test_descriptor_count_metadata_only,211
scope.dev_test_puzzle_overlap,0
m1_candidate_statistic.raw_statistic,"distinct-mode centrality d(c)=(sum_j S(c,j)-1)/(m-1), or 0 when m=1"
m1_candidate_statistic.orientation,larger is more central and structurally preferred
m1_candidate_statistic.oriented_score,raw d(c) (no sign change)
m1_candidate_statistic.similarity,same shape: fraction of exactly equal cells; different shape: 0; empty-empty: 1
m1_candidate_statistic.m1_mode_score,count(c)*exp(beta*d(c))/sum_emissions exp(beta*d(mode(emission)))
m1_candidate_statistic.beta,1.0
m1_candidate_statistic.centrality_definition,distinct
m1_candidate_statistic.duplicates,one distinct mode for centrality; duplicates retained in emission weighting and vote count
m1_candidate_statistic.invalid_predictions,"(0,0) retained as a distinct mode and in the vote/emission population"
m1_candidate_statistic.tie_breaking,"primary score descending, mean Q descending, deterministic grid key ascending"
inventory.candidate_emissions,193007
inventory.unique_candidate_modes,60082
inventory.invalid_emissions,39
inventory.invalid_unique_modes,14
coverage.total_dev_puzzles,200
coverage.total_dev_descriptors,208
coverage.covered_puzzles_any,124
coverage.uncovered_puzzles_none,76
coverage.fully_covered_puzzles,123
coverage.partially_covered_puzzles,1
coverage.covered_descriptors,131
coverage.uncovered_descriptors,77
all_mode.eligible_descriptor_count,124
all_mode.eligible_puzzle_count,117
all_mode.candidate_mode_count,18911
all_mode.pooled_auc,0.5467915356706852
all_mode.puzzle_local_pairwise_accuracy,0.7316874695996243
all_mode.preference_counts_puzzle.correct_preferred,89
all_mode.preference_counts_puzzle.tie,5
all_mode.preference_counts_puzzle.wrong_preferred,23
top2.top_k,2
top2.eligible_descriptor_count,87
top2.eligible_puzzle_count,81
top2.candidate_mode_count,174
top2.pooled_auc,0.5451182454749637
top2.pooled_auc_bootstrap.estimate,0.5451182454749637
top2.pooled_auc_bootstrap.ci95_low,0.5268518358323722
top2.pooled_auc_bootstrap.ci95_high,0.5703806228373702
top2.pooled_auc_bootstrap.bootstrap_resamples,10000
top2.pooled_auc_bootstrap.valid_bootstrap_resamples,10000
top2.pooled_auc_bootstrap.bootstrap_unit,puzzle
top2.pairwise_accuracy,0.7469135802469136
top2.pairwise_bootstrap.estimate,0.7469135802469136
top2.pairwise_bootstrap.ci95_low,0.654320987654321
top2.pairwise_bootstrap.ci95_high,0.8333333333333334
top2.pairwise_bootstrap.bootstrap_resamples,10000
top2.pairwise_bootstrap.bootstrap_unit,puzzle
top2.preference_counts_puzzle.correct_preferred,56
top2.preference_counts_puzzle.tie,9
top2.preference_counts_puzzle.wrong_preferred,16
top2.preference_counts_descriptor.correct_preferred,60
top2.preference_counts_descriptor.tie,6
top2.preference_counts_descriptor.wrong_preferred,21
top2.per_puzzle_auc.mean,0.7469135802469136
top2.per_puzzle_auc.median,1.0
top2.per_puzzle_auc.std,0.40156681400717514
top2.per_puzzle_auc.count,81
top2.per_puzzle_auc.definition,mean of pair-scoped descriptor AUROCs within each puzzle
top2.structural_margin_descriptor.count,87
top2.structural_margin_descriptor.mean,0.05357031057464537
top2.structural_margin_descriptor.median,0.0036199092864990234
top2.structural_margin_descriptor.std,0.17146227471175568
top2.structural_margin_descriptor.q25,0.0
top2.structural_margin_descriptor.q75,0.03125
top2.structural_margin_descriptor.fraction_gt_zero,0.6896551724137931
top2.structural_margin_descriptor.fraction_eq_zero,0.06896551724137931
top2.structural_margin_descriptor.fraction_lt_zero,0.2413793103448276
top2.structural_margin_puzzle.count,81
top2.structural_margin_puzzle.mean,0.05850103011723328
top2.structural_margin_puzzle.median,0.0031313137574628946
top2.structural_margin_puzzle.std,0.17565146887216157
top2.structural_margin_puzzle.q25,0.0
top2.structural_margin_puzzle.q75,0.03125
top2.structural_margin_puzzle.fraction_gt_zero,0.691358024691358
top2.structural_margin_puzzle.fraction_eq_zero,0.07407407407407407
top2.structural_margin_puzzle.fraction_lt_zero,0.2345679012345679
top3_optional.top_k,3
top3_optional.eligible_descriptor_count,90
top3_optional.eligible_puzzle_count,84
top3_optional.candidate_mode_count,267
top3_optional.pooled_auc,0.5466101694915254
top3_optional.pooled_auc_bootstrap.estimate,0.5466101694915254
top3_optional.pooled_auc_bootstrap.ci95_low,0.5304045787085929
top3_optional.pooled_auc_bootstrap.ci95_high,0.5674085746969196
top3_optional.pooled_auc_bootstrap.bootstrap_resamples,10000
top3_optional.pooled_auc_bootstrap.valid_bootstrap_resamples,10000
top3_optional.pooled_auc_bootstrap.bootstrap_unit,puzzle
top3_optional.pairwise_accuracy,0.7291666666666666
top3_optional.pairwise_bootstrap.estimate,0.7291666666666666
top3_optional.pairwise_bootstrap.ci95_low,0.6547619047619048
top3_optional.pairwise_bootstrap.ci95_high,0.8005952380952381
top3_optional.pairwise_bootstrap.bootstrap_resamples,10000
top3_optional.pairwise_bootstrap.bootstrap_unit,puzzle
top3_optional.preference_counts_puzzle.correct_preferred,50
top3_optional.preference_counts_puzzle.tie,22
top3_optional.preference_counts_puzzle.wrong_preferred,12
top3_optional.preference_counts_descriptor.correct_preferred,51
top3_optional.preference_counts_descriptor.tie,27
top3_optional.preference_counts_descriptor.wrong_preferred,12
top3_optional.per_puzzle_auc.mean,0.7291666666666666
top3_optional.per_puzzle_auc.median,1.0
top3_optional.per_puzzle_auc.std,0.34114725326858253
top3_optional.per_puzzle_auc.count,84
top3_optional.per_puzzle_auc.definition,mean of pair-scoped descriptor AUROCs within each puzzle
top3_optional.structural_margin_descriptor.count,90
top3_optional.structural_margin_descriptor.mean,0.008082308007116134
top3_optional.structural_margin_descriptor.median,0.0009834649725857236
top3_optional.structural_margin_descriptor.std,0.0861352967982851
top3_optional.structural_margin_descriptor.q25,-0.001776484418610197
top3_optional.structural_margin_descriptor.q75,0.009181644190989713
top3_optional.structural_margin_descriptor.fraction_gt_zero,0.5333333333333333
top3_optional.structural_margin_descriptor.fraction_eq_zero,0.07777777777777778
top3_optional.structural_margin_descriptor.fraction_lt_zero,0.3888888888888889
top3_optional.structural_margin_puzzle.count,84
top3_optional.structural_margin_puzzle.mean,0.010781495731745175
top3_optional.structural_margin_puzzle.median,0.0012589317336988703
top3_optional.structural_margin_puzzle.std,0.08747623789767535
top3_optional.structural_margin_puzzle.q25,-0.0013352096327079732
top3_optional.structural_margin_puzzle.q75,0.009641203142347704
top3_optional.structural_margin_puzzle.fraction_gt_zero,0.5595238095238095
top3_optional.structural_margin_puzzle.fraction_eq_zero,0.08333333333333333
top3_optional.structural_margin_puzzle.fraction_lt_zero,0.35714285714285715
top5.top_k,5
top5.eligible_descriptor_count,95
top5.eligible_puzzle_count,89
top5.candidate_mode_count,453
top5.pooled_auc,0.5491473096148192
top5.pooled_auc_bootstrap.estimate,0.5491473096148192
top5.pooled_auc_bootstrap.ci95_low,0.5320097818776116
top5.pooled_auc_bootstrap.ci95_high,0.5710419177361715
top5.pooled_auc_bootstrap.bootstrap_resamples,10000
top5.pooled_auc_bootstrap.valid_bootstrap_resamples,10000
top5.pooled_auc_bootstrap.bootstrap_unit,puzzle
top5.pairwise_accuracy,0.729868913857678
top5.pairwise_bootstrap.estimate,0.729868913857678
top5.pairwise_bootstrap.ci95_low,0.6643258426966292
top5.pairwise_bootstrap.ci95_high,0.7940074906367042
top5.pairwise_bootstrap.bootstrap_resamples,10000
top5.pairwise_bootstrap.bootstrap_unit,puzzle
top5.preference_counts_puzzle.correct_preferred,59
top5.preference_counts_puzzle.tie,15
top5.preference_counts_puzzle.wrong_preferred,15
top5.preference_counts_descriptor.correct_preferred,62
top5.preference_counts_descriptor.tie,15
top5.preference_counts_descriptor.wrong_preferred,18
top5.per_puzzle_auc.mean,0.729868913857678
top5.per_puzzle_auc.median,0.8333333333333334
top5.per_puzzle_auc.std,0.3135585915057344
top5.per_puzzle_auc.count,89
top5.per_puzzle_auc.definition,mean of pair-scoped descriptor AUROCs within each puzzle
top5.structural_margin_descriptor.count,95
top5.structural_margin_descriptor.mean,-0.007196279817549933
top5.structural_margin_descriptor.median,0.0
top5.structural_margin_descriptor.std,0.04078833879053025
top5.structural_margin_descriptor.q25,-0.005264868947076062
top5.structural_margin_descriptor.q75,0.0038467288017272616
top5.structural_margin_descriptor.fraction_gt_zero,0.45263157894736844
top5.structural_margin_descriptor.fraction_eq_zero,0.08421052631578947
top5.structural_margin_descriptor.fraction_lt_zero,0.4631578947368421
top5.structural_margin_puzzle.count,89
top5.structural_margin_puzzle.mean,-0.005616692105868069
top5.structural_margin_puzzle.median,0.0
top5.structural_margin_puzzle.std,0.03948539763939379
top5.structural_margin_puzzle.q25,-0.0026923077992904165
top5.structural_margin_puzzle.q75,0.003999996185302668
top5.structural_margin_puzzle.fraction_gt_zero,0.47191011235955055
top5.structural_margin_puzzle.fraction_eq_zero,0.0898876404494382
top5.structural_margin_puzzle.fraction_lt_zero,0.43820224719101125
b1_failure_subset.descriptor_count,47
b1_failure_subset.puzzle_count,46
b1_failure_subset.preference_counts_descriptor.correct_preferred,14
b1_failure_subset.preference_counts_descriptor.tie,0
b1_failure_subset.preference_counts_descriptor.wrong_preferred,33
b1_failure_subset.preference_fractions_descriptor.correct_preferred,0.2978723404255319
b1_failure_subset.preference_fractions_descriptor.tie,0.0
b1_failure_subset.preference_fractions_descriptor.wrong_preferred,0.7021276595744681
b1_failure_subset.preference_counts_puzzle.correct_preferred,14
b1_failure_subset.preference_counts_puzzle.tie,0
b1_failure_subset.preference_counts_puzzle.wrong_preferred,32
b1_failure_subset.preference_fractions_puzzle.correct_preferred,0.30434782608695654
b1_failure_subset.preference_fractions_puzzle.tie,0.0
b1_failure_subset.preference_fractions_puzzle.wrong_preferred,0.6956521739130435
b1_failure_subset.puzzle_local_pairwise_accuracy,0.30434782608695654
bootstrap.resamples,10000
bootstrap.seed,42
bootstrap.unit,puzzle
bootstrap.multi_output_policy,all descriptors/modes from a sampled puzzle remain grouped
classification.case,CASE B — MEASURABLE LOCAL SIGNAL
classification.reason,At least one primary local metric is >=0.60 and its puzzle-bootstrap CI excludes chance in the useful direction.
validation.cache_fingerprint_before.npz_files,419
validation.cache_fingerprint_before.npz_bytes,14655304
validation.cache_fingerprint_before.aggregate_sha256,6cb320cb9b0e45c114d95722654663d2b7e98b01027a1d4a647c21ea4ce60fa1
validation.cache_fingerprint_after.npz_files,419
validation.cache_fingerprint_after.npz_bytes,14655304
validation.cache_fingerprint_after.aggregate_sha256,6cb320cb9b0e45c114d95722654663d2b7e98b01027a1d4a647c21ea4ce60fa1
validation.cache_unchanged,True
validation.committed_split_sha256_before,0f6e16e36c3b37703928a294655905d4af659fcda5f9f8b12d5d336931a6106d
validation.committed_split_sha256_after,0f6e16e36c3b37703928a294655905d4af659fcda5f9f8b12d5d336931a6106d
validation.committed_split_unchanged,True
validation.existing_results_fingerprint_before.files,21
validation.existing_results_fingerprint_before.bytes,159889
validation.existing_results_fingerprint_before.aggregate_sha256,3d47a841c13904ba4dbe10ac5f7e69adc80b48369e65d35d48e2577258f455ac
validation.existing_results_fingerprint_after.files,21
validation.existing_results_fingerprint_after.bytes,159889
validation.existing_results_fingerprint_after.aggregate_sha256,3d47a841c13904ba4dbe10ac5f7e69adc80b48369e65d35d48e2577258f455ac
validation.existing_results_unchanged,True
validation.focused_cpu_tests.failed,0
validation.focused_cpu_tests.passed,4
validation.focused_cpu_tests.status,passed
validation.cuda_visible_devices,
validation.torch_imported,False
validation.held_out_cache_payloads_loaded,0
validation.release_cpu_tests.failed,0
validation.release_cpu_tests.passed,20
validation.release_cpu_tests.runner,dependency-free function runner (pytest is not installed in the existing project environment)
validation.release_cpu_tests.status,passed
runtime_seconds,138.8690940970555
