dataset,puzzle_id,puzzle_weight,descriptor_count,b1_correctness,task_level_defect,vote_share,vote_margin,vote_entropy,q_confidence,structural_defect_rank,vote_share_rank,vote_margin_rank,vote_entropy_rank,winner_mean_q_rank
arc1_normal_test,009d5c81,1.0,1,0.0,0.08316620457104706,0.4985014985014985,0.24975024975024976,1.2172053939777199,0.9695020744461335,108,75,80,53,54
arc1_normal_test,00dbd492,1.0,1,1.0,0.1332742117111413,0.2047952047952048,0.07892107892107893,3.4743769293924904,0.955104970950179,137,107,107,103,66
arc1_normal_test,0692e18c,1.0,1,1.0,0.004213148094288632,0.8681318681318682,0.8031968031968032,0.5433835136653795,0.9602614539333537,28,37,37,36,62
arc1_normal_test,070dd51e,1.0,1,1.0,0.00026894693709056394,0.9920079920079921,0.989010989010989,0.05988226556610895,0.9848581394490158,12,18,19,18,37
arc1_normal_test,0934a4d8,1.0,1,0.0,0.9182841300682424,0.001998001998001998,0.0,6.904600050960214,0.24492017924785614,198,196,189,194,181
arc1_normal_test,09c534e7,1.0,1,0.0,0.06672901528745934,0.04095904095904096,0.0,5.586991747284845,0.5584444112894011,99,158,190,158,155
arc1_normal_test,0c786b71,1.0,1,1.0,0.0028419789454481315,0.9690309690309691,0.9470529470529471,0.17321435954260025,0.9856241674460087,23,24,27,24,36
arc1_normal_test,0e671a1a,1.0,1,1.0,0.006731334906670217,0.968031968031968,0.961038961038961,0.2234690471095678,0.99166680223494,31,25,25,25,27
arc1_normal_test,103eff5b,1.0,1,0.0,0.12347366225360745,0.052947052947052944,0.000999000999000999,5.567084635132746,0.9753017650460297,134,152,181,157,48
arc1_normal_test,12422b43,1.0,1,0.0,0.06064457500247811,0.18981018981018982,0.0919080919080919,4.0535806122082265,0.7846509887199653,92,112,100,123,121
arc1_normal_test,12997ef3,1.0,2,0.0,0.742565650496483,0.13486513486513485,0.06943056943056944,4.436337636701962,0.6513361872159358,189,123,109,131,140
arc1_normal_test,136b0064,1.0,1,0.0,0.22601595102286687,0.022977022977022976,0.002997002997002997,6.6536906236908795,0.3932485497840073,153,173,170,182,170
arc1_normal_test,13713586,1.0,1,1.0,0.007358760814376475,0.922077922077922,0.9100899100899101,0.5299756948159284,0.9735932735522416,33,33,32,35,50
arc1_normal_test,15113be4,1.0,1,0.0,0.024277792108882035,0.07392607392607392,0.017982017982017984,5.895285672587825,0.6485979975629095,55,145,140,163,141
arc1_normal_test,15663ba9,1.0,1,0.0,0.010896320495900391,0.23376623376623376,0.061938061938061936,3.3061584386014795,0.697012162170349,38,102,112,97,135
arc1_normal_test,16b78196,1.0,1,0.0,0.09963460240991973,0.003996003996003996,0.001998001998001998,6.901830232056878,0.0007778396684443578,118,189,174,193,199
arc1_normal_test,18419cfa,1.0,1,0.0,0.01611413193089073,0.1684027777777778,0.034722222222222224,3.841202530469615,0.7025274935840946,44,120,132,115,132
arc1_normal_test,184a9768,1.0,1,0.0,0.027022333253552966,0.03496503496503497,0.0,5.678899303252517,0.5321724035910198,59,163,191,160,161
arc1_normal_test,1990f7a8,1.0,1,0.0,0.24796862857715218,0.05555555555555555,0.013888888888888888,4.153874253592669,0.7936418801546097,160,150,149,125,118
arc1_normal_test,19bb5feb,1.0,1,0.0,0.4266645775128758,0.2647352647352647,0.058941058941058944,2.2726414294101898,0.6750791930365112,171,98,116,79,136
arc1_normal_test,1a2e2828,1.0,1,1.0,0.3650834679805709,0.7632367632367633,0.5344655344655345,0.5852687645494566,0.9815153295847134,168,45,60,37,42
arc1_normal_test,1a6449f1,1.0,1,0.0,0.9611447028188597,0.008991008991008992,0.000999000999000999,6.801470723818165,0.13932769041922358,200,185,182,185,186
arc1_normal_test,1c02dbbe,1.0,1,1.0,0.0634224518035359,0.6453546453546454,0.6213786213786214,2.2060590814235534,0.9959309328082177,95,58,51,77,17
arc1_normal_test,1c0d0a4b,1.0,1,1.0,0.0,1.0,1.0,0.0,0.9995313147082925,1,1,1,1,3
arc1_normal_test,1c56ad9f,1.0,1,0.0,0.07832999960466525,0.1028971028971029,0.014985014985014986,3.9385909683382665,0.6311298548017891,104,134,146,117,145
arc1_normal_test,1da012fc,1.0,1,0.0,0.06120137140121362,0.07592407592407592,0.029970029970029972,4.819103001271641,0.9594661256200389,93,143,134,135,63
arc1_normal_test,1e81d6f9,1.0,1,1.0,8.871089624995498e-06,0.999000999000999,0.998001998001998,0.007900354757641078,0.996410807967186,6,6,6,6,11
arc1_normal_test,2037f2c7,1.0,1,0.0,0.7134768477264168,0.06293706293706294,0.013986013986013986,5.508289979908394,0.8413336524178111,185,148,147,154,110
arc1_normal_test,2072aba6,1.0,1,1.0,0.08528417891192042,0.7262737262737263,0.6463536463536463,1.290905468802768,0.9371665185202103,110,52,49,55,74
arc1_normal_test,21f83797,1.0,1,1.0,0.0014516457507134373,0.9913194444444444,0.9895833333333334,0.06381731570703392,0.9928643803149723,18,19,18,19,23
arc1_normal_test,2546ccf6,1.0,1,1.0,0.012925542742036389,0.4275724275724276,0.3596403596403596,3.1064497880179642,0.7026881157794845,40,81,69,93,131
arc1_normal_test,2685904e,1.0,1,0.0,0.09296956705746606,0.23776223776223776,0.06593406593406594,3.4277477884226264,0.8248781088520499,115,100,111,100,112
arc1_normal_test,2697da3f,1.0,1,0.0,0.141690671397948,0.2777777777777778,0.2361111111111111,3.321726399827669,0.9194674879312515,140,94,81,99,81
arc1_normal_test,2753e76c,1.0,1,0.0,0.6176668708030866,0.2017982017982018,0.03296703296703297,3.5203333104182866,0.8740629472649923,179,108,133,105,102
arc1_normal_test,27a77e38,1.0,1,0.0,0.03560873192338254,0.03796203796203796,0.001998001998001998,5.28443620485519,0.7382177928168523,72,161,175,146,128
arc1_normal_test,27f8ce4f,1.0,1,1.0,0.2307978493568681,0.6443556443556444,0.5644355644355644,1.9071867144701513,0.9661165223796239,156,59,57,70,56
arc1_normal_test,281123b4,1.0,1,1.0,0.001868012107772321,0.994005994005994,0.991008991008991,0.04270966972488691,0.9929916286887835,21,15,16,15,22
arc1_normal_test,2b01abd0,1.0,1,0.0,0.0404175441686343,0.23276723276723277,0.2007992007992008,4.836750799712467,0.5147740206653212,78,103,85,137,163
arc1_normal_test,2c737e39,1.0,1,0.0,0.09289400887995825,0.03496503496503497,0.00999000999000999,6.200180490520669,0.47777374918971743,114,164,154,172,164
arc1_normal_test,3194b014,1.0,1,1.0,0.00399001597802795,0.998001998001998,0.997002997002997,0.015799710514116768,0.9992764530716477,26,9,8,9,4
arc1_normal_test,319f2597,1.0,1,1.0,9.48003331531222e-05,0.997002997002997,0.996003996003996,0.023698066269425347,0.9985965554245966,9,11,11,12,7
arc1_normal_test,31d5ba1a,1.0,2,1.0,0.00026600104934698665,0.9980019980019981,0.997002997002997,0.015105255784946592,0.9976795085493776,11,8,9,8,10
arc1_normal_test,33b52de3,1.0,1,0.0,0.16149768889987715,0.002997002997002997,0.001998001998001998,6.9054622349935375,0.3132158120473226,146,192,176,195,175
arc1_normal_test,3490cc26,1.0,1,0.0,0.03269010608490286,0.3386613386613387,0.060939060939060936,2.384116291035598,0.8925489390098591,68,91,113,82,95
arc1_normal_test,34b99a2b,1.0,1,1.0,0.002491414796865654,0.987012987012987,0.985014985014985,0.10124149286565684,0.9960610169751442,22,20,21,22,16
arc1_normal_test,351d6448,1.0,1,0.0,0.6312664211875738,0.02197802197802198,0.008991008991008992,6.51894521642115,0.43127073313702236,180,175,156,178,167
arc1_normal_test,3d31c5b3,1.0,1,1.0,0.006968170756440295,0.938061938061938,0.9180819180819181,0.322064513201603,0.9819777602046189,32,30,30,30,41
arc1_normal_test,3f23242b,1.0,1,0.0,0.15261709542545876,0.03596403596403597,0.013986013986013986,6.219795384585099,0.8204108128945032,144,162,148,174,113
arc1_normal_test,414297c0,1.0,1,0.0,0.8011826321728884,0.000999000999000999,0.0,6.908754779315219,0.0805572122335434,192,197,192,197,192
arc1_normal_test,42918530,1.0,1,0.0,0.011627049206169526,0.057942057942057944,0.00999000999000999,4.857421192702631,0.28435190086220874,39,149,155,138,178
arc1_normal_test,45bbe264,1.0,1,1.0,0.0,1.0,1.0,0.0,0.999692002138296,2,2,2,2,2
arc1_normal_test,477d2879,1.0,1,1.0,0.22848894480326576,0.11588411588411589,0.053946053946053944,4.800138371576989,0.9669762650697395,154,130,118,134,55
arc1_normal_test,47996f11,1.0,1,0.0,0.04375795597190868,0.000999000999000999,0.0,6.908754779315219,0.09694188833236694,84,198,193,198,190
arc1_normal_test,48131b3c,1.0,1,1.0,0.0004050020908162866,0.993006993006993,0.99000999000999,0.05060401543534164,0.9731185193692654,15,17,17,17,51
arc1_normal_test,4852f2fa,1.0,2,0.0,0.6631315453610619,0.3081597222222222,0.15104166666666669,2.9944526328131893,0.7929936966636164,181,92,93,92,120
arc1_normal_test,4c177718,1.0,2,0.0,0.06495338759813635,0.12487512487512488,0.04795204795204795,4.249395073798025,0.6319944786447048,96,127,120,129,144
arc1_normal_test,4e469f39,1.0,1,1.0,0.07705891436399936,0.4357638888888889,0.3003472222222222,2.678894947427676,0.8865204527528875,103,80,76,87,98
arc1_normal_test,4ff4c9da,1.0,1,0.0,0.01894602136522161,0.028971028971028972,0.003996003996003996,6.048723366745012,0.5532496258102614,48,168,168,166,156
arc1_normal_test,505fff84,1.0,1,0.0,0.6759548591382085,0.023976023976023976,0.006993006993006993,6.046761914837315,0.532931306399405,182,172,160,165,160
arc1_normal_test,50a16a69,1.0,1,1.0,0.006336709551388542,0.987012987012987,0.977022977022977,0.07962355423546646,0.9963538082625701,29,21,23,20,12
arc1_normal_test,5207a7b5,1.0,1,1.0,0.012943005567800925,0.6923076923076923,0.6273726273726273,1.4995401657433591,0.8835188711833473,41,55,50,59,99
arc1_normal_test,5289ad53,1.0,1,0.0,0.7616248161479978,0.1848151848151848,0.08591408591408592,4.370196374281299,0.6525232817272882,190,116,104,130,139
arc1_normal_test,52fd389e,1.0,1,0.0,0.017382205735838818,0.4595404595404595,0.22477522477522477,1.741034004801681,0.9744987977587658,45,79,84,62,49
arc1_normal_test,55059096,1.0,1,1.0,0.01376229663340689,0.59375,0.3680555555555556,1.4543439177301223,0.9639081792709859,42,64,68,58,59
arc1_normal_test,5783df64,1.0,1,1.0,0.10279984765116157,0.7932067932067932,0.7292707292707292,1.1546811013324771,0.9160591874750195,119,40,40,48,83
arc1_normal_test,59341089,1.0,1,1.0,0.0,1.0,1.0,0.0,0.9982782071763343,3,3,3,3,8
arc1_normal_test,5a5a2103,1.0,1,1.0,0.03571784802515521,0.5264735264735265,0.3076923076923077,2.13288260018051,0.9040253048999486,73,70,75,75,87
arc1_normal_test,5af49b42,1.0,1,0.0,0.04321024805154716,0.011988011988011988,0.001998001998001998,6.614208178033964,0.07814257095257442,82,182,177,180,193
arc1_normal_test,5b526a93,1.0,1,1.0,0.0849768202108716,0.10590277777777778,0.03819444444444445,5.368388826310084,0.8570871651172638,109,132,126,150,106
arc1_normal_test,5d2a5c43,1.0,2,1.0,0.001538213838601421,0.994005994005994,0.9925074925074925,0.046692660728842386,0.9916196025166556,19,16,14,16,28
arc1_normal_test,604001fa,1.0,1,0.0,0.11139696234364116,0.03496503496503497,0.006993006993006993,5.135783497600608,0.8924790080104555,125,165,161,142,96
arc1_normal_test,60a26a3e,1.0,1,1.0,0.024717613012331552,0.5572916666666666,0.5017361111111112,2.312140628702736,0.8499422641558068,56,66,61,80,108
arc1_normal_test,639f5a19,1.0,1,0.0,0.2178633259709677,0.000999000999000999,0.0,6.908754779315219,0.278014600276947,152,199,194,199,180
arc1_normal_test,64a7c07e,1.0,1,0.0,0.10690211415014883,0.05555555555555555,0.013888888888888888,4.011828299820392,0.295128483325243,122,151,150,122,176
arc1_normal_test,66e6c45b,1.0,1,1.0,0.0008722546185083724,0.996003996003996,0.994005994005994,0.030210511569893184,0.9986832073423545,17,13,13,14,6
arc1_normal_test,67636eac,1.0,1,0.0,0.7006357389527431,0.0959040959040959,0.059940059940059943,5.565404339408105,0.39645736758636,184,137,114,156,169
arc1_normal_test,67b4a34d,1.0,1,0.0,0.6897662776783655,0.002997002997002997,0.0,6.867024228961803,0.584681232770284,183,193,195,189,151
arc1_normal_test,67c52801,1.0,1,1.0,0.021494319348585145,0.7812187812187812,0.7342657342657343,1.1906926517058367,0.8934160148358101,54,42,39,50,94
arc1_normal_test,692cd3b6,1.0,1,1.0,0.02776080501858691,0.9010989010989011,0.8871128871128872,0.679723648841438,0.9480666012530052,60,36,35,41,68
arc1_normal_test,695367ec,1.0,1,0.0,0.7369660843366169,0.23176823176823177,0.15884115884115885,3.610402855862562,0.9778951316558081,188,104,90,109,44
arc1_normal_test,69889d6e,1.0,1,1.0,0.01853467019154109,0.7777777777777778,0.6996527777777778,1.084000928597023,0.8479434569100184,47,43,43,46,109
arc1_normal_test,6df30ad6,1.0,1,1.0,0.044205466621372924,0.7702297702297702,0.5764235764235764,0.6660457769903079,0.9836808794048819,85,44,56,40,39
arc1_normal_test,6ea4a07e,1.0,2,0.0,0.31303416463111566,0.4835164835164836,0.18331668331668333,1.18928290168032,0.9654069519933484,165,78,87,49,57
arc1_normal_test,7039b2d7,1.0,1,0.0,0.8014143698459383,0.34165834165834164,0.14785214785214784,1.86899710167766,0.881896332603449,193,88,94,68,100
arc1_normal_test,705a3229,1.0,1,1.0,0.020749296328655853,0.6663336663336663,0.5844155844155844,1.9091978956816409,0.8997813526323174,52,56,53,71,91
arc1_normal_test,712bf12e,1.0,1,0.0,0.08312940932731261,0.1875,0.027777777777777776,3.9453872489028665,0.7009230203650616,107,114,136,119,134
arc1_normal_test,73ccf9c2,1.0,1,0.0,0.7305871995779833,0.017982017982017984,0.005994005994005994,6.173367528884263,0.6436141257484754,186,178,164,170,142
arc1_normal_test,759f3fd3,1.0,1,1.0,0.0,1.0,1.0,0.0,0.9997967506448427,4,4,4,4,1
arc1_normal_test,762cd429,1.0,1,1.0,0.026595000854980788,0.6403596403596403,0.5784215784215784,1.7534175694253262,0.9251595526329255,58,60,55,63,79
arc1_normal_test,782b5218,1.0,1,1.0,0.0073683756609324025,0.968031968031968,0.964035964035964,0.2374162690046507,0.9470076424572367,34,26,24,27,69
arc1_normal_test,79fb03f4,1.0,1,0.0,0.065991696514475,0.04795204795204795,0.004995004995004995,5.797061318656615,0.10745488732451729,98,155,167,162,189
arc1_normal_test,7c8af763,1.0,1,0.0,0.15925407340260156,0.04995004995004995,0.008991008991008992,5.263819544944006,0.61980239585042,145,154,157,145,147
arc1_normal_test,7d419a02,1.0,1,0.0,0.03288327596681184,0.1998001998001998,0.08691308691308691,3.836255467617885,0.7698045121133328,69,109,103,114,123
arc1_normal_test,7ee1c6ea,1.0,1,1.0,0.017443349350424353,0.6183816183816184,0.5794205794205795,2.3931562208491166,0.8188622639738685,46,62,54,83,114
arc1_normal_test,833dafe3,1.0,1,0.0,0.9563323924303908,0.016983016983016984,0.001998001998001998,6.78005191384614,0.009453283917323193,199,180,178,184,197
arc1_normal_test,845d6e51,1.0,1,0.0,0.059578428976301945,0.01898101898101898,0.000999000999000999,6.216801125674381,0.364078787988738,90,177,183,173,172
arc1_normal_test,84f2aca1,1.0,1,1.0,0.00028037514539569486,0.987012987012987,0.9820179820179821,0.0912947075838837,0.996156553869788,13,22,22,21,15
arc1_normal_test,8597cfd7,1.0,1,1.0,0.39540878701717863,0.7292707292707292,0.4595404595404595,0.5905765187222735,0.9963396859087356,170,50,63,38,14
arc1_normal_test,85fa5666,1.0,1,0.0,0.06800825922329423,0.12987012987012986,0.03496503496503497,3.455802703818672,0.6213024092981448,100,125,131,102,146
arc1_normal_test,8719f442,1.0,1,1.0,0.008005835598817623,0.7222222222222222,0.5416666666666666,0.9140987318044089,0.9921999688331897,35,53,59,44,25
arc1_normal_test,891232d6,1.0,1,0.0,0.09474601313701836,0.005994005994005994,0.0,6.810146714134915,0.1306037869459639,116,188,196,186,188
arc1_normal_test,896d5239,1.0,1,0.0,0.03551805784113815,0.2137862137862138,0.10789210789210789,3.5418687260534383,0.4151599942575966,71,105,96,107,168
arc1_normal_test,8cb8642d,1.0,1,0.0,0.03156517803099046,0.07592407592407592,0.02197802197802198,5.662794644657625,0.209220003385685,66,144,138,159,184
arc1_normal_test,8dae5dfc,1.0,1,0.0,0.30920596306497516,0.006993006993006993,0.000999000999000999,6.843199374101671,0.09016362284975392,164,187,184,187,191
arc1_normal_test,8e2edd66,1.0,1,1.0,0.11112015598590863,0.23476523476523475,0.1038961038961039,3.1635804634297258,0.9255879573999567,124,101,98,95,78
arc1_normal_test,90347967,1.0,1,0.0,0.12452329578345944,0.017982017982017984,0.006993006993006993,6.287287553861537,0.13139074616548088,135,179,162,175,187
arc1_normal_test,903d1b4a,1.0,1,1.0,0.020763818786109,0.5084915084915085,0.44455544455544455,2.734320150015371,0.9981957020600325,53,73,64,88,9
arc1_normal_test,9110e3c5,1.0,2,0.0,0.2594503837005268,0.5134865134865134,0.35814185814185817,2.013160607462408,0.952033451087108,161,72,70,72,67
arc1_normal_test,917bccba,1.0,1,1.0,0.02604380285594121,0.8141858141858141,0.7892107892107892,1.1943267534336737,0.9411000813900328,57,38,38,51,71
arc1_normal_test,92e50de0,1.0,1,1.0,0.019146914339474908,0.5284715284715285,0.34165834165834164,2.0805224729515284,0.741737428418799,49,69,71,74,127
arc1_normal_test,9356391f,1.0,1,0.0,0.06921430685947416,0.7442557442557443,0.6733266733266733,1.293170284976079,0.9777086872082429,102,47,47,56,45
arc1_normal_test,93b4f4b3,1.0,1,0.0,0.30233614919780016,0.12987012987012986,0.03696303696303696,4.879349830030112,0.8945466851958862,163,126,128,139,93
arc1_normal_test,94be5b80,1.0,1,0.0,0.06869148987293938,0.03196803196803197,0.023976023976023976,6.65088212719307,0.0051410868582024705,101,167,137,181,198
arc1_normal_test,95a58926,1.0,1,1.0,2.016169711638316e-05,0.999000999000999,0.998001998001998,0.007900354757641078,0.9989859828948975,8,7,7,7,5
arc1_normal_test,97239e3d,1.0,1,1.0,0.04966743371293547,0.3776223776223776,0.3336663336663337,3.79068029908613,0.9020830663364559,87,85,73,113,89
arc1_normal_test,992798f6,1.0,1,0.0,0.0371235828981209,0.5954045954045954,0.2787212787212787,1.2279138306581099,0.9897326148246359,75,63,78,54,32
arc1_normal_test,99306f82,1.0,1,0.0,0.11885493560376714,0.003996003996003996,0.000999000999000999,6.884688593218513,0.020507121924310923,131,190,185,191,196
arc1_normal_test,9a4bb226,1.0,1,1.0,0.557586268584795,0.5004995004995005,0.18181818181818182,1.5947604672264637,0.9842803665620838,177,74,88,61,38
arc1_normal_test,9b2a60aa,1.0,1,0.0,0.03787479447892517,0.13486513486513488,0.03696303696303696,4.544213404922539,0.5674284362406642,76,122,129,132,154
arc1_normal_test,9bebae7a,1.0,1,0.0,0.09194593069705548,0.2829861111111111,0.0920138888888889,2.4401325791361796,0.9832133953373856,113,93,99,85,40
arc1_normal_test,9ddd00f0,1.0,1,1.0,0.03348233483673069,0.2137862137862138,0.03796203796203796,3.751099485228318,0.5694553707073503,70,106,127,112,153
arc1_normal_test,9f27f097,1.0,1,0.0,0.03136620764308584,0.19080919080919082,0.06693306693306693,3.321014834153561,0.7450813078443418,65,111,110,98,126
arc1_normal_test,a096bf4d,1.0,1,0.0,0.00644883382228334,0.12387612387612387,0.005994005994005994,3.109235433414211,0.6404871551109658,30,128,165,94,143
arc1_normal_test,a3f84088,1.0,1,0.0,0.188055113199588,0.020833333333333332,0.006944444444444444,6.113428225093944,0.8682482689619064,149,176,163,168,104
arc1_normal_test,a406ac07,1.0,1,0.0,0.05938764463145918,0.17782217782217782,0.016983016983016984,3.4291505014825336,0.9033911527458871,89,118,141,101,88
arc1_normal_test,a57f2f04,1.0,1,0.0,0.030951958755789044,0.16283716283716285,0.13686313686313686,5.529375482728341,0.877648588567058,64,121,95,155,101
arc1_normal_test,a59b95c0,1.0,1,0.0,0.519364446173558,0.6343656343656343,0.36863136863136864,0.9277633052947186,0.9391743920332803,175,61,66,45,73
arc1_normal_test,a680ac02,1.0,1,1.0,0.8204198824225204,0.2757242757242757,0.05194805194805195,2.8525884107971082,0.9904504339548125,194,95,119,89,30
arc1_normal_test,a8610ef7,1.0,1,0.0,0.2916132048263922,0.007992007992007992,0.0,6.550955916358847,0.5188349355012178,162,186,197,179,162
arc1_normal_test,ac605cbb,1.0,1,0.0,0.09492331399586018,0.06493506493506493,0.012987012987012988,5.466237791639028,0.31990102695731015,117,147,152,153,174
arc1_normal_test,ad7e01d0,1.0,1,0.0,0.4484465436673374,0.01098901098901099,0.000999000999000999,6.703409115412789,0.2232350061901591,173,183,186,183,183
arc1_normal_test,ae58858e,1.0,1,1.0,0.028086596153127474,0.7430555555555556,0.5486111111111112,0.838503882801588,0.9399296102053094,61,48,58,43,72
arc1_normal_test,aee291af,1.0,1,0.0,0.14467179475311576,0.0959040959040959,0.015984015984015984,3.9338002222741104,0.775783778478702,142,138,144,116,122
arc1_normal_test,af24b4cc,1.0,1,1.0,0.019280723877600936,0.7852147852147852,0.6553446553446554,0.8007561743692014,0.9861974147439913,50,41,48,42,35
arc1_normal_test,b15fca0b,1.0,1,1.0,0.10443308717580724,0.34165834165834164,0.2837162837162837,3.6801562904523455,0.9805209647363041,120,89,77,111,43
arc1_normal_test,b457fec5,1.0,1,0.0,0.3312883944915349,0.000999000999000999,0.0,6.908754779315219,0.024117013439536095,167,200,198,200,195
arc1_normal_test,b4a43f3b,1.0,1,0.0,0.12657433268987495,0.03296703296703297,0.002997002997002997,5.899465694360619,0.9883787415244363,136,166,171,164,33
arc1_normal_test,b7999b51,1.0,1,0.0,0.7801888761114815,0.13186813186813187,0.016983016983016984,4.094738903586591,0.7042916811099558,191,124,142,124,130
arc1_normal_test,b7f8a4d8,1.0,1,0.0,0.059601318075855114,0.03996003996003996,0.000999000999000999,6.352566662552111,0.282736074924469,91,159,187,177,179
arc1_normal_test,ba9d41b8,1.0,1,1.0,0.1745099636755687,0.4985014985014985,0.27372627372627373,1.89611278948103,0.9316677267183522,147,76,79,69,75
arc1_normal_test,baf41dbf,1.0,1,0.0,0.08212661460569459,0.09722222222222222,0.04513888888888889,4.898514262504642,0.5506731419424925,106,136,122,140,158
arc1_normal_test,bc4146bd,1.0,1,1.0,0.009309620290012477,0.9470529470529471,0.9090909090909091,0.266241053439889,0.9643234603012665,37,28,33,28,58
arc1_normal_test,bcb3040b,1.0,1,1.0,0.04131829573032786,0.5194805194805194,0.36863136863136864,2.251462060916533,0.7516885545821144,80,71,67,78,125
arc1_normal_test,bd14c3bf,1.0,1,1.0,0.08597278382512741,0.1875,0.10590277777777778,3.6619253989177536,0.7934122458100319,111,115,97,110,119
arc1_normal_test,bf699163,1.0,1,0.0,0.07835742872365958,0.9460539460539461,0.919080919080919,0.32077900894472355,0.991446633902875,105,29,29,29,29
arc1_normal_test,c074846d,1.0,2,0.0,0.036978638123990104,0.4180819180819181,0.3126873126873127,2.493583738485785,0.8028853407287793,74,82,74,86,117
arc1_normal_test,c1990cce,1.0,1,0.0,0.3730966802301995,0.2743055555555556,0.1857638888888889,3.9405381502568355,0.9219293910302694,169,96,86,118,80
arc1_normal_test,c35c1b4c,1.0,1,0.0,0.046781105981691606,0.34765234765234765,0.23576423576423577,3.289275802862222,0.7022140925354057,86,87,82,96,133
arc1_normal_test,c48954c1,1.0,1,1.0,0.0006400523261695934,0.987012987012987,0.986013986013986,0.10262640231732506,0.991862307675937,16,23,20,23,26
arc1_normal_test,c62e2108,1.0,1,0.0,0.03805503128582133,0.1848151848151848,0.04795204795204795,4.005454282757864,0.39090814494804754,77,117,121,121,171
arc1_normal_test,c663677b,1.0,1,1.0,0.0,1.0,1.0,0.0,0.9963409604130686,5,5,5,5,13
arc1_normal_test,c6e1b8da,1.0,1,0.0,0.05582232717903546,0.10589410589410589,0.07292707292707293,5.3287418238028685,0.6695060846659372,88,133,108,148,137
arc1_normal_test,c92b942c,1.0,1,0.0,0.23019115678890145,0.17682317682317683,0.016983016983016984,3.504456866132422,0.8324107217923397,155,119,143,104,111
arc1_normal_test,c97c0139,1.0,1,1.0,0.003990591205096039,0.9305555555555556,0.9114583333333334,0.41454425260649574,0.9090287189569268,27,32,31,31,85
arc1_normal_test,ca8f78db,1.0,1,1.0,0.014270470782741462,0.5334665334665335,0.4865134865134865,2.4025720135452016,0.946834671963355,43,68,62,84,70
arc1_normal_test,cb227835,1.0,1,1.0,0.028933898461723895,0.7170138888888888,0.6892361111111112,1.829104628290478,0.9099909047896074,62,54,44,65,84
arc1_normal_test,ce039d91,1.0,1,0.0,0.043722931476005256,0.09375,0.020833333333333332,4.2493380052564085,0.43676824653866114,83,140,139,128,166
arc1_normal_test,d017b73f,1.0,1,1.0,0.04049816645081139,0.922077922077922,0.9070929070929071,0.4820764109991844,0.9704888942505143,79,34,34,34,53
arc1_normal_test,d282b262,1.0,1,0.0,0.14207300144461144,0.01098901098901099,0.007992007992007992,6.853660641941884,0.2275035994296724,141,184,158,188,182
arc1_normal_test,d2acf2cb,1.0,1,1.0,0.01988620784984585,0.938061938061938,0.9300699300699301,0.45440365925263126,0.9626177748361715,51,31,28,33,60
arc1_normal_test,d37a1ef5,1.0,1,1.0,0.008254530142208005,0.75,0.7048611111111112,1.2154006119418437,0.9164546770302372,36,46,42,52,82
arc1_normal_test,d47aa2ff,1.0,1,1.0,0.0033969594382048385,0.8121878121878122,0.6793206793206793,0.6659409480361099,0.9926098374349751,24,39,45,39,24
arc1_normal_test,d492a647,1.0,1,1.0,0.00023480856540947226,0.997002997002997,0.995004995004995,0.02231315681775712,0.9945231511263188,10,12,12,11,19
arc1_normal_test,d4b1c2b1,1.0,1,0.0,0.5267893784565371,0.5764235764235764,0.33966033966033965,1.8489282448343984,0.9899840319280608,176,65,72,67,31
arc1_normal_test,d56f2372,1.0,1,0.0,0.9022045089834807,0.06993006993006994,0.007992007992007992,5.215596212836486,0.8083220364792006,196,146,159,143,116
arc1_normal_test,d931c21c,1.0,1,0.0,0.1830443900285088,0.0999000999000999,0.059940059940059943,5.327757698558493,0.552441896982491,148,135,115,147,157
arc1_normal_test,da2b0fe3,1.0,2,1.0,0.11222003962329496,0.535964035964036,0.3901098901098901,2.167026734604295,0.9772593031255236,126,67,65,76,47
arc1_normal_test,da515329,1.0,1,0.0,0.1229762493828197,0.027777777777777776,0.0,4.238157942318281,0.04982389882206917,133,170,199,127,194
arc1_normal_test,dc2aa30b,1.0,1,0.0,0.23671308061953078,0.003472222222222222,0.0,6.341667094434225,0.15210837870836258,158,191,200,176,185
arc1_normal_test,de493100,1.0,1,0.0,0.9153088173890447,0.002997002997002997,0.000999000999000999,6.891613140476855,0.3592810233434041,197,194,188,192,173
arc1_normal_test,e0fb7511,1.0,1,1.0,0.0017800918071714245,0.9618055555555556,0.9479166666666666,0.22454957591476887,0.9949230477482833,20,27,26,26,18
arc1_normal_test,e1baa8a4,1.0,1,0.0,0.8315865233242824,0.022977022977022976,0.001998001998001998,6.057269320818962,0.6134884059429169,195,174,179,167,148
arc1_normal_test,e2092e0c,1.0,1,0.0,0.10571946745870942,0.1888111888111888,0.027972027972027972,3.5304097446368434,0.8867387407750049,121,113,135,106,97
arc1_normal_test,e21a174a,1.0,2,0.5,0.20738582514331821,0.08991008991008992,0.04395604395604395,5.448071497614528,0.5487269464259347,150,141,123,152,159
arc1_normal_test,e57337a4,1.0,1,0.0,0.23435637295817247,0.1978021978021978,0.08791208791208792,2.9432004497694524,0.8665442181506542,157,110,101,90,105
arc1_normal_test,e5790162,1.0,1,0.0,0.041790609680125934,0.7322677322677322,0.7092907092907093,1.817895763885702,0.9279449690402692,81,49,41,64,77
arc1_normal_test,e5c44e8f,1.0,1,0.0,0.1406785552571369,0.08159722222222222,0.03993055555555555,5.353243951980994,0.6058078402296659,139,142,124,149,150
arc1_normal_test,e619ca6e,1.0,1,0.0,0.11408017486057898,0.041666666666666664,0.013888888888888888,4.173128341941555,0.7373284101486206,127,157,151,126,129
arc1_normal_test,e6de6e8f,1.0,1,0.0,0.20817488079486746,0.265625,0.1527777777777778,2.9514935791694845,0.959013331364962,151,97,92,91,64
arc1_normal_test,e78887d1,1.0,1,0.0,0.24262928463539934,0.09490509490509491,0.03596403596403597,4.750638500205799,0.9584534808209068,159,139,130,133,65
arc1_normal_test,e7a25a18,1.0,1,1.0,0.44341122862548177,0.6643356643356644,0.6103896103896104,2.0649968069105524,0.9615689183088173,172,57,52,73,61
arc1_normal_test,e7b06bea,1.0,1,1.0,0.030449486273633752,0.3926073926073926,0.15284715284715283,2.3575560405108904,0.8149843448749329,63,84,91,81,115
arc1_normal_test,e872b94a,1.0,1,0.0,0.7361111111111112,0.3611111111111111,0.05555555555555555,1.5157340857002748,0.9863630991715652,187,86,117,60,34
arc1_normal_test,e88171ec,1.0,1,1.0,1.3578305236960908e-05,0.998001998001998,0.997002997002997,0.015799710514116768,0.9931812159291975,7,10,10,10,21
arc1_normal_test,ea959feb,1.0,1,0.0,0.06221205958937215,0.002997002997002997,0.001998001998001998,6.9054622349935375,0.473494374503692,94,195,180,196,165
arc1_normal_test,ea9794b1,1.0,1,1.0,0.00031840304665009533,0.996003996003996,0.9920079920079921,0.026055783214888516,0.9938523103086018,14,14,15,13,20
arc1_normal_test,ed74f2f2,1.0,1,0.0,0.47548189287842857,0.4975024975024975,0.17282717282717283,1.1116485801674245,0.9776789395205946,174,77,89,47,46
arc1_normal_test,ed98d772,1.0,1,0.0,0.32768779659176395,0.028971028971028972,0.003996003996003996,5.7812990450070245,0.28591972416074113,166,169,169,161,177
arc1_normal_test,f0afb749,1.0,1,1.0,0.06517746904227806,0.7282717282717283,0.6793206793206793,1.4057540543722695,0.9301791247108182,97,51,46,57,76
arc1_normal_test,f3e62deb,1.0,2,0.0,0.10977425535957774,0.4090909090909091,0.08541458541458541,1.8300980535931282,0.9719433855867965,123,83,105,66,52
arc1_normal_test,f45f5ca7,1.0,1,0.0,0.08697827820676995,0.05194805194805195,0.005994005994005994,4.834789176341291,0.897334068440474,112,153,166,136,92
arc1_normal_test,f5c89df1,1.0,1,0.0,0.03261431145886051,0.34165834165834164,0.23576423576423577,3.568066143059411,0.9067985744743842,67,90,83,108,86
arc1_normal_test,f83cb3f6,1.0,1,1.0,0.003614339507711506,0.919080919080919,0.8821178821178821,0.4411401076312209,0.8684397664285548,25,35,36,32,103
arc1_normal_test,f9a67cb5,1.0,1,0.0,0.11820285151968424,0.03993055555555555,0.015625,5.412653837120299,0.9015748798847198,130,160,145,151,90
arc1_normal_test,fafd9572,1.0,1,0.0,0.14738056632480245,0.024975024975024976,0.002997002997002997,6.14099194924412,0.5842829635739326,143,171,172,169,152
arc1_normal_test,fb791726,1.0,1,0.0,0.5761264985530418,0.12087912087912088,0.08791208791208792,5.016231149738575,0.6613811378882937,178,129,102,141,138
arc1_normal_test,fd096ab6,1.0,1,0.0,0.11590202879552525,0.013986013986013986,0.012987012987012988,6.871844886593328,0.000490088714286685,129,181,153,190,200
arc1_normal_test,fd4b2b02,1.0,1,0.0,0.1145684748520086,0.2586805555555556,0.08506944444444445,3.99542829142054,0.8554490567528762,128,99,106,120,107
arc1_normal_test,fea12743,1.0,1,0.0,0.13985444687891246,0.04495504495504495,0.002997002997002997,6.180271817566728,0.7556444371740023,138,156,173,171,124
arc1_normal_test,ff72ca3e,1.0,1,0.0,0.1193554880957044,0.11288711288711288,0.03896103896103896,5.221425930371378,0.6088482362307831,132,131,125,144,149
arc1_blank_test,009d5c81,1.0,1,0.0,0.9489274178360643,0.03396603396603397,0.016983016983016984,5.844429646437977,0.6680823827491087,195,110,89,89,22
arc1_blank_test,00dbd492,1.0,1,0.0,0.17530098695416396,0.012987012987012988,0.008991008991008992,6.833713198345418,0.1253610998392105,49,153,111,176,169
arc1_blank_test,0692e18c,1.0,1,0.0,0.426702718282848,0.10989010989010989,0.012987012987012988,3.796350284280552,0.3878504511984912,92,46,103,20,79
arc1_blank_test,070dd51e,1.0,1,1.0,0.2470744441217757,0.006993006993006993,0.001998001998001998,6.845194048466566,0.3572773316076824,65,172,149,178,85
arc1_blank_test,0934a4d8,1.0,1,0.0,0.9170251177873795,0.002997002997002997,0.000999000999000999,6.891613140476855,0.5366520682970682,179,188,166,188,39
arc1_blank_test,09c534e7,1.0,1,0.0,0.06517502714657808,0.07292707292707293,0.03196803196803197,5.406187226611101,0.5653009124814647,12,63,63,75,37
arc1_blank_test,0c786b71,1.0,1,0.0,0.9103480417389367,0.027972027972027972,0.017982017982017984,6.681723582340999,0.48819907541785923,175,117,85,156,54
arc1_blank_test,0e671a1a,1.0,1,0.0,0.22374088562432126,0.7252747252747253,0.7122877122877123,1.8579954083392,0.07217483756134989,61,6,6,7,178
arc1_blank_test,103eff5b,1.0,1,0.0,0.367816069331941,0.023976023976023976,0.01098901098901099,6.440438114428565,0.7376749254763126,84,127,106,132,12
arc1_blank_test,12422b43,1.0,1,0.0,0.18688738507151204,0.015984015984015984,0.00999000999000999,6.765036579964935,0.17729219840839505,51,143,107,165,147
arc1_blank_test,12997ef3,1.0,2,0.0,0.8595450860301731,0.07042957042957043,0.009490509490509492,5.30995004940482,0.3348502225227261,160,66,110,70,95
arc1_blank_test,136b0064,1.0,1,0.0,0.21159300663873482,0.02097902097902098,0.001998001998001998,6.5540200079087185,0.4162753678503491,58,136,150,144,72
arc1_blank_test,13713586,1.0,1,0.0,0.6601690212282791,0.01898101898101898,0.004995004995004995,6.790844797507919,0.4899611676994123,112,139,131,169,52
arc1_blank_test,15113be4,1.0,1,0.0,0.8697300488603051,0.09290709290709291,0.055944055944055944,5.461443008042512,0.43037846812637903,164,51,46,76,66
arc1_blank_test,15663ba9,1.0,1,0.0,0.27943670551386857,0.002997002997002997,0.0,6.866162044928481,0.11150840669870377,68,189,179,182,172
arc1_blank_test,16b78196,1.0,1,0.0,0.11209511356094803,0.003996003996003996,0.001998001998001998,6.90044532260521,0.13051430694758892,25,183,151,191,165
arc1_blank_test,18419cfa,1.0,1,0.0,0.9225032906638879,0.041666666666666664,0.006944444444444444,5.660659992491231,0.3954775209228198,184,92,124,83,76
arc1_blank_test,184a9768,1.0,1,0.0,0.9740411823386972,0.004995004995004995,0.000999000999000999,6.876988901421731,0.02225603312253952,200,179,167,183,195
arc1_blank_test,1990f7a8,1.0,1,0.0,0.8991332419078659,0.041666666666666664,0.027777777777777776,4.2308906069882175,0.23239528636137644,171,93,71,36,132
arc1_blank_test,19bb5feb,1.0,1,0.0,0.799166908058565,0.005994005994005994,0.0,6.822610899199929,0.20026962583263716,136,175,180,171,139
arc1_blank_test,1a2e2828,1.0,1,0.0,0.9274999556440632,0.04295704295704296,0.00999000999000999,6.265624525622342,0.5315869831761648,187,86,108,111,41
arc1_blank_test,1a6449f1,1.0,1,0.0,0.929730044718525,0.04295704295704296,0.02197802197802198,6.389974529828706,0.18132619473130204,189,87,80,124,146
arc1_blank_test,1c02dbbe,1.0,1,0.0,0.1168852026063828,0.04195804195804196,0.0,5.996566618402092,0.355498921303522,27,91,181,94,86
arc1_blank_test,1c0d0a4b,1.0,1,0.0,0.20113594248318856,0.008680555555555556,0.001736111111111111,6.2614868244232085,0.3330347776412964,56,167,164,110,97
arc1_blank_test,1c56ad9f,1.0,1,0.0,0.13156456359922875,0.22277722277722278,0.21578421578421578,5.478120058559028,0.14778421558606786,33,23,17,77,159
arc1_blank_test,1da012fc,1.0,1,0.0,0.6008374990168028,0.13186813186813187,0.04995004995004995,4.963104514668277,0.8665773143822496,103,38,49,53,7
arc1_blank_test,1e81d6f9,1.0,1,0.0,0.8265071127312845,0.024975024975024976,0.008991008991008992,6.511713331936772,0.06534224636852741,145,123,112,138,180
arc1_blank_test,2037f2c7,1.0,1,0.0,0.955819654760721,0.022977022977022976,0.012987012987012988,6.632082827990507,0.12891280165185098,197,130,104,150,167
arc1_blank_test,2072aba6,1.0,1,0.0,0.8108015817987633,0.054945054945054944,0.01898101898101898,4.984198558822073,0.3902741865678267,140,79,82,55,78
arc1_blank_test,21f83797,1.0,1,0.0,0.04331531281759793,0.3888888888888889,0.3611111111111111,3.931750859235722,0.11322791029566101,7,14,12,24,171
arc1_blank_test,2546ccf6,1.0,1,0.0,0.8785724447269683,0.024975024975024976,0.004995004995004995,6.385236350245445,0.15062285646796225,167,124,132,123,158
arc1_blank_test,2685904e,1.0,1,0.0,0.6637550591274413,0.055944055944055944,0.03696303696303696,6.423479884224703,0.15760513358483358,113,75,57,128,155
arc1_blank_test,2697da3f,1.0,1,0.0,0.7978191441269936,0.08333333333333333,0.013888888888888888,3.835032177746854,0.2768150418996811,135,55,99,22,110
arc1_blank_test,2753e76c,1.0,1,0.0,0.30288894921509535,0.015984015984015984,0.005994005994005994,6.7005382097975845,0.3753840960562229,73,144,125,157,81
arc1_blank_test,27a77e38,1.0,1,0.0,0.8385150621774866,0.06393606393606394,0.04195804195804196,6.4183169824594035,0.015299797065381426,149,72,55,127,199
arc1_blank_test,27f8ce4f,1.0,1,0.0,0.8543964488916607,0.022977022977022976,0.016983016983016984,6.761375545871298,0.3050525927025339,157,131,90,164,100
arc1_blank_test,281123b4,1.0,1,0.0,0.7599963721544892,0.03196803196803197,0.02197802197802198,6.614852305682655,0.16005402896553278,129,111,81,148,153
arc1_blank_test,2b01abd0,1.0,1,0.0,0.8769521088860586,0.00999000999000999,0.003996003996003996,6.63555189591623,0.0701064083725214,166,162,135,151,179
arc1_blank_test,2c737e39,1.0,1,0.0,0.14259285144088107,0.00999000999000999,0.002997002997002997,6.704533861496024,0.2087053343653679,40,163,143,159,136
arc1_blank_test,3194b014,1.0,1,0.0,0.9453490613744452,0.014985014985014986,0.002997002997002997,6.677871935485742,0.15072264671325683,191,148,144,155,157
arc1_blank_test,319f2597,1.0,1,0.0,0.8491630445660875,0.002997002997002997,0.0,6.8827809583485,0.500873347123464,153,190,182,186,47
arc1_blank_test,31d5ba1a,1.0,2,0.0,0.8135312750567383,0.036463536463536464,0.01848151848151848,5.8116248208023045,0.4889956741571063,141,106,84,87,53
arc1_blank_test,33b52de3,1.0,1,0.0,0.16533071634124974,0.002997002997002997,0.000999000999000999,6.895767868831859,0.5244178175926208,47,191,168,190,42
arc1_blank_test,3490cc26,1.0,1,0.0,0.09109471862724372,0.005994005994005994,0.0,6.336693389693314,0.09160652756690979,22,176,183,118,173
arc1_blank_test,34b99a2b,1.0,1,0.0,0.21864424368077628,0.2127872127872128,0.15084915084915085,4.3558143757371,0.5981786487527856,59,26,25,42,32
arc1_blank_test,351d6448,1.0,1,0.0,0.830236416861801,0.2057942057942058,0.1878121878121878,5.364641665559651,0.23530044576641426,146,29,22,74,130
arc1_blank_test,3d31c5b3,1.0,1,0.0,0.8082425714813632,0.055944055944055944,0.04595404595404595,6.38398567758113,0.42022138967045713,139,76,52,122,70
arc1_blank_test,3f23242b,1.0,1,0.0,0.15290012253803753,0.18581418581418582,0.15784215784215785,4.2344768993194135,0.02132951544337375,44,30,24,37,197
arc1_blank_test,414297c0,1.0,1,0.0,0.8057307423523427,0.001998001998001998,0.0,6.904600050960214,0.47426994144916534,138,192,184,194,59
arc1_blank_test,42918530,1.0,1,0.0,0.024328511557494936,0.054945054945054944,0.027972027972027972,5.690214222675806,0.6397866850549524,5,80,69,85,27
arc1_blank_test,45bbe264,1.0,1,0.0,0.03330292213234842,0.7242757242757243,0.7162837162837162,1.9524586412137621,0.04569021466541393,6,7,4,9,189
arc1_blank_test,477d2879,1.0,1,0.0,0.9162406929833973,0.005994005994005994,0.000999000999000999,6.841843439711678,0.05403031346698602,178,177,169,177,184
arc1_blank_test,47996f11,1.0,1,0.0,0.07037542557384935,0.000999000999000999,0.0,6.908754779315219,0.5524829030036926,13,198,185,198,38
arc1_blank_test,48131b3c,1.0,1,0.0,0.28713524494377995,0.028971028971028972,0.001998001998001998,4.2987777591864464,0.24478788211427885,70,115,152,40,127
arc1_blank_test,4852f2fa,1.0,2,0.0,0.6561956092370373,0.24913194444444445,0.20572916666666666,4.197711773726326,0.4308290798665604,111,19,20,33,65
arc1_blank_test,4c177718,1.0,2,0.0,0.7902895366487697,0.012487512487512488,0.006993006993006994,6.761109645350623,0.14543188534795293,134,156,117,163,160
arc1_blank_test,4e469f39,1.0,1,0.0,0.19811581371080444,0.25,0.2326388888888889,4.5965411220127095,0.24867410295539433,55,18,16,48,125
arc1_blank_test,4ff4c9da,1.0,1,0.0,0.3218362106272131,0.012987012987012988,0.002997002997002997,6.619293076124356,0.49682148832541245,79,154,145,149,49
arc1_blank_test,505fff84,1.0,1,0.0,0.9146514067298153,0.03796203796203796,0.015984015984015984,6.136631662901964,0.24115829522672452,177,103,93,101,128
arc1_blank_test,50a16a69,1.0,1,0.0,0.6673939000829805,0.11488511488511488,0.09090909090909091,6.0907513946639655,0.14494316195664197,115,42,35,97,161
arc1_blank_test,5207a7b5,1.0,1,0.0,0.05666862219502378,0.3696303696303696,0.34065934065934067,3.8065117225428895,0.1939902107860591,9,15,13,21,142
arc1_blank_test,5289ad53,1.0,1,0.0,0.9217460353750084,0.011988011988011988,0.001998001998001998,5.96286988744789,0.207695705195268,182,157,153,93,138
arc1_blank_test,52fd389e,1.0,1,0.0,0.01936289346197606,0.4205794205794206,0.23776223776223776,2.5910197494945075,0.9649494883212794,3,13,15,12,2
arc1_blank_test,55059096,1.0,1,0.0,0.7837172478910271,0.05555555555555555,0.013888888888888888,4.923719297842999,0.26036546751856804,132,78,100,52,118
arc1_blank_test,5783df64,1.0,1,0.0,0.5031089388607779,0.015984015984015984,0.000999000999000999,6.457040793448568,0.16717563150450587,94,145,170,134,151
arc1_blank_test,59341089,1.0,1,0.0,0.8830971673646922,0.013986013986013986,0.001998001998001998,6.666842024941056,0.4763108023575374,168,150,154,152,57
arc1_blank_test,5a5a2103,1.0,1,0.0,0.5283955863880251,0.14485514485514486,0.11288711288711288,5.2927237414030515,0.570458120313184,96,35,32,68,35
arc1_blank_test,5af49b42,1.0,1,0.0,0.044989798211197085,0.02197802197802198,0.005994005994005994,6.449492498386016,0.36519993299787695,8,134,126,133,84
arc1_blank_test,5b526a93,1.0,1,0.0,0.6018005464582439,0.041666666666666664,0.0,5.28854445515714,0.15677252411842346,104,94,186,66,156
arc1_blank_test,5d2a5c43,1.0,2,0.0,0.3273663980364043,0.11038961038961038,0.07092907092907093,5.175609814169296,0.49750968949887897,80,45,42,62,48
arc1_blank_test,604001fa,1.0,1,0.0,0.8992269068644938,0.007992007992007992,0.000999000999000999,6.131573109740561,0.17001460306346416,172,168,171,99,149
arc1_blank_test,60a26a3e,1.0,1,0.0,0.849184674427149,0.06944444444444445,0.013888888888888888,4.4605186115797615,0.3517350792884827,154,67,101,45,87
arc1_blank_test,639f5a19,1.0,1,0.0,0.3924430289497237,0.000999000999000999,0.0,6.908754779315219,0.1297071874141693,88,199,187,199,166
arc1_blank_test,64a7c07e,1.0,1,0.0,0.9250718779103072,0.041666666666666664,0.0,4.069590564867054,0.2649019658565521,186,95,188,30,115
arc1_blank_test,66e6c45b,1.0,1,0.0,0.8181639168691518,0.04095904095904096,0.03496503496503497,6.6143350262102665,0.0807172242188599,143,99,59,147,177
arc1_blank_test,67636eac,1.0,1,0.0,0.9224499731290217,0.00999000999000999,0.001998001998001998,6.7398045255762415,0.24909068793058395,183,164,155,161,124
arc1_blank_test,67b4a34d,1.0,1,0.0,0.6646012329329176,0.011988011988011988,0.004995004995004995,6.669319247469247,0.5657185688614845,114,158,133,153,36
arc1_blank_test,67c52801,1.0,1,0.0,0.37975541559643167,0.025974025974025976,0.005994005994005994,6.314125801334259,0.18204386188433722,86,120,127,116,145
arc1_blank_test,692cd3b6,1.0,1,0.0,0.3448102846580693,0.2177822177822178,0.007992007992007992,2.9107325583106705,0.8150502608730159,81,25,116,13,9
arc1_blank_test,695367ec,1.0,1,0.0,0.2110627639196364,0.5694305694305695,0.5524475524475524,2.373565292074808,0.4302297220418328,57,10,9,11,67
arc1_blank_test,69889d6e,1.0,1,0.0,0.13081114897849389,0.078125,0.024305555555555556,4.9760253369030485,0.12517390383614435,32,60,77,54,170
arc1_blank_test,6df30ad6,1.0,1,0.0,0.19541473584491376,0.004995004995004995,0.000999000999000999,6.782109066486575,0.24929859340190888,53,180,172,167,123
arc1_blank_test,6ea4a07e,1.0,2,0.0,0.565977190692791,0.1143856143856144,0.016983016983016984,3.774551999022682,0.3661767256938901,101,43,91,19,83
arc1_blank_test,7039b2d7,1.0,1,0.0,0.8688055141000826,0.025974025974025976,0.012987012987012988,6.432051532260747,0.2925388844540486,162,121,105,130,103
arc1_blank_test,705a3229,1.0,1,0.0,0.1610756644798601,0.7312687312687313,0.7152847152847153,1.9088129456467833,0.05366190782076389,46,5,5,8,185
arc1_blank_test,712bf12e,1.0,1,0.0,0.1914269500871959,0.04861111111111111,0.029513888888888888,6.083062405416783,0.34960769915155004,52,85,65,96,89
arc1_blank_test,73ccf9c2,1.0,1,0.0,0.8161998770688086,0.03496503496503497,0.003996003996003996,5.045873802623568,0.16559668821947915,142,108,136,56,152
arc1_blank_test,759f3fd3,1.0,1,0.0,0.30163436044308634,0.041666666666666664,0.027777777777777776,5.5810365002547115,0.14136654635270438,72,96,72,80,162
arc1_blank_test,762cd429,1.0,1,1.0,0.13763285425268934,0.45854145854145856,0.4025974025974026,2.9502539345616565,0.9577685528331332,38,12,11,14,5
arc1_blank_test,782b5218,1.0,1,0.0,0.8693821211293291,0.060939060939060936,0.008991008991008992,5.08274267729054,0.34560816038827424,163,74,113,57,90
arc1_blank_test,79fb03f4,1.0,1,0.0,0.08616972577523674,0.008991008991008992,0.006993006993006993,6.8876146039334545,0.046602632850408554,19,165,118,187,188
arc1_blank_test,7c8af763,1.0,1,0.0,0.8584134897778084,0.03696303696303696,0.028971028971028972,6.466191901143469,0.19795005667854,158,104,66,135,141
arc1_blank_test,7d419a02,1.0,1,0.0,0.24354334680600231,0.023976023976023976,0.002997002997002997,5.63132462601506,0.6068116140862306,64,128,146,81,29
arc1_blank_test,7ee1c6ea,1.0,1,1.0,0.17513414475834088,0.07892107892107893,0.04995004995004995,5.734363554469845,0.7162477389166627,48,59,50,86,14
arc1_blank_test,833dafe3,1.0,1,0.0,0.9486488601723839,0.028971028971028972,0.015984015984015984,6.526789341428533,0.2522845257972849,194,116,94,140,121
arc1_blank_test,845d6e51,1.0,1,0.0,0.6021763524047132,0.026973026973026972,0.008991008991008992,6.4268133581590625,0.7638689533427909,105,119,114,129,10
arc1_blank_test,84f2aca1,1.0,1,0.0,0.7056181658537917,0.03196803196803197,0.001998001998001998,6.432330023198533,0.4227158143185079,120,112,156,131,69
arc1_blank_test,8597cfd7,1.0,1,0.0,0.7870802111101477,0.07292707292707293,0.057942057942057944,6.233481652819734,0.4068042266450516,133,64,45,106,74
arc1_blank_test,85fa5666,1.0,1,0.0,0.17861786689833647,0.11688311688311688,0.028971028971028972,4.345683607391285,0.6776058485365322,50,41,67,41,20
arc1_blank_test,8719f442,1.0,1,0.0,0.6965387298461096,0.2222222222222222,0.1388888888888889,3.0730973884136725,0.3750504981726408,118,24,26,16,82
arc1_blank_test,891232d6,1.0,1,0.0,0.0830686563921551,0.001998001998001998,0.0,6.9032151415085465,0.24849127233028412,18,193,189,193,126
arc1_blank_test,896d5239,1.0,1,0.0,0.7133941673641767,0.3516483516483517,0.3156843156843157,4.252812857138476,0.49597427367486735,123,16,14,38,50
arc1_blank_test,8cb8642d,1.0,1,0.0,0.6407042414289325,0.004995004995004995,0.001998001998001998,6.894653265678441,0.05110691525042057,109,181,157,189,186
arc1_blank_test,8dae5dfc,1.0,1,0.0,0.7065412524131873,0.001998001998001998,0.000999000999000999,6.907369869863551,0.05556708760559559,121,194,173,195,183
arc1_blank_test,8e2edd66,1.0,1,0.0,0.7217642705365827,0.0969030969030969,0.001998001998001998,3.9216385745814653,0.25432046971370265,124,49,158,23,120
arc1_blank_test,90347967,1.0,1,0.0,0.12390850005382614,0.013986013986013986,0.000999000999000999,6.402057332023681,0.23854863005025045,29,151,174,125,129
arc1_blank_test,903d1b4a,1.0,1,0.0,0.8248479839193714,0.004995004995004995,0.001998001998001998,6.85101508045501,0.6008074700832366,144,182,159,179,30
arc1_blank_test,9110e3c5,1.0,2,0.0,0.9182891873676458,0.029470529470529472,0.015984015984015984,6.482295184274358,0.2718502740107971,181,114,95,136,112
arc1_blank_test,917bccba,1.0,1,0.0,0.3579746704007951,0.17382617382617382,0.11788211788211789,4.04656017726545,0.7350608797251493,82,31,31,29,13
arc1_blank_test,92e50de0,1.0,1,0.0,0.42203426148286094,0.6653346653346653,0.6333666333666333,1.8137640588421027,0.9597317731237268,91,8,8,6,4
arc1_blank_test,9356391f,1.0,1,0.0,0.07107679876317485,0.7572427572427572,0.6803196803196803,1.155908081331284,0.9458436268457951,14,4,7,4,6
arc1_blank_test,93b4f4b3,1.0,1,0.0,0.9504453422041549,0.007992007992007992,0.003996003996003996,6.790643867324914,0.134279428049922,196,169,137,168,163
arc1_blank_test,94be5b80,1.0,1,0.0,0.7090030893850826,0.01898101898101898,0.005994005994005994,6.513816038620829,0.3010165495307822,122,140,128,139,102
arc1_blank_test,95a58926,1.0,1,0.0,0.9286541412608729,0.04295704295704296,0.017982017982017984,5.509363721778659,0.22789653026780418,188,88,86,79,135
arc1_blank_test,97239e3d,1.0,1,0.0,0.5577234207805284,0.08091908091908091,0.07192807192807193,6.3448824737776945,0.062400866115902676,100,57,40,120,181
arc1_blank_test,992798f6,1.0,1,0.0,0.09798344294317074,0.06293706293706294,0.04595404595404595,5.947769620874231,0.03979716863897112,23,73,53,91,191
arc1_blank_test,99306f82,1.0,1,0.0,0.7494059510537064,0.023976023976023976,0.00999000999000999,6.555246664975676,0.024143391754478216,126,129,109,145,194
arc1_blank_test,9a4bb226,1.0,1,0.0,0.8049979820288331,0.005994005994005994,0.0,6.833167449394928,0.250472587843736,137,178,190,175,122
arc1_blank_test,9b2a60aa,1.0,1,0.0,0.743332186819095,0.03496503496503497,0.017982017982017984,6.203866047492236,0.05044754972415311,125,109,87,104,187
arc1_blank_test,9bebae7a,1.0,1,0.0,0.9012022197523127,0.09027777777777778,0.026041666666666668,5.090543585986602,0.5322314942112336,173,53,74,58,40
arc1_blank_test,9ddd00f0,1.0,1,0.0,0.32091500345376134,0.001998001998001998,0.0,6.901830232056878,0.2859228849411011,78,195,191,192,107
arc1_blank_test,9f27f097,1.0,1,0.0,0.7668550499327844,0.15084915084915085,0.07292707292707293,4.449475369623425,0.6424505998756712,131,34,39,44,26
arc1_blank_test,a096bf4d,1.0,1,0.0,0.02393450197093805,0.23576423576423577,0.13586413586413587,2.963543587241219,0.6444767318287138,4,21,27,15,25
arc1_blank_test,a3f84088,1.0,1,0.0,0.13262596033782303,0.1388888888888889,0.125,4.369478450596119,0.037743481993675235,35,37,30,43,192
arc1_blank_test,a406ac07,1.0,1,0.0,0.22067678268452784,0.007992007992007992,0.003996003996003996,6.824092035960087,0.0897481688298285,60,170,138,172,174
arc1_blank_test,a57f2f04,1.0,1,0.0,0.8413088257714441,0.015984015984015984,0.0,6.285372337383944,0.44898425228893757,151,146,192,114,64
arc1_blank_test,a59b95c0,1.0,1,0.0,0.8717912226766408,0.003996003996003996,0.000999000999000999,6.855944953348456,0.5093895867466927,165,184,175,180,44
arc1_blank_test,a680ac02,1.0,1,0.0,0.5540712722519132,0.022977022977022976,0.006993006993006993,6.671052747254198,0.49305787682533264,99,132,119,154,51
arc1_blank_test,a8610ef7,1.0,1,0.0,0.8509519979425697,0.016983016983016984,0.001998001998001998,5.8228175613358175,0.4056287705898285,156,141,160,88,75
arc1_blank_test,ac605cbb,1.0,1,0.0,0.3818113101958859,0.24275724275724275,0.2057942057942058,4.885874782082668,0.08685598546186837,87,20,19,51,175
arc1_blank_test,ad7e01d0,1.0,1,0.0,0.15171130574681413,0.09090909090909091,0.015984015984015984,5.150504081781751,0.683420194374336,43,52,96,61,19
arc1_blank_test,ae58858e,1.0,1,0.0,0.1956489477928205,0.015625,0.0,5.67693724921369,0.4069058696428935,54,147,193,84,73
arc1_blank_test,aee291af,1.0,1,0.0,0.29473892895677045,0.055944055944055944,0.023976023976023976,5.293802711044359,0.64670390901821,71,77,78,69,24
arc1_blank_test,af24b4cc,1.0,1,1.0,0.48727863147143347,0.08091908091908091,0.03796203796203796,5.6595811756013275,0.42998143938588507,93,58,56,82,68
arc1_blank_test,b15fca0b,1.0,1,0.0,0.15390190197087494,0.0999000999000999,0.08591408591408592,6.033405486322765,0.33445119217038155,45,48,37,95,96
arc1_blank_test,b457fec5,1.0,1,0.0,0.25885863713891755,0.001998001998001998,0.000999000999000999,6.907369869863551,0.022006286308169365,67,196,176,196,196
arc1_blank_test,b4a43f3b,1.0,1,0.0,0.6960632079936049,0.04295704295704296,0.025974025974025976,6.552342798996198,0.4549712696394255,117,89,75,143,63
arc1_blank_test,b7999b51,1.0,1,0.0,0.966492160241693,0.003996003996003996,0.0,6.881918774315177,0.08254970144480467,199,185,194,185,176
arc1_blank_test,b7f8a4d8,1.0,1,0.0,0.7568939609668586,0.02097902097902098,0.006993006993006993,6.277030937769234,0.6208790114947728,127,137,120,113,28
arc1_blank_test,ba9d41b8,1.0,1,0.0,0.9646271482686015,0.016983016983016984,0.013986013986013986,6.828602084784863,0.23021082711570404,198,142,98,174,133
arc1_blank_test,baf41dbf,1.0,1,0.0,0.92385360926885,0.05381944444444445,0.034722222222222224,5.952224259226229,0.4762717086461283,185,82,60,92,58
arc1_blank_test,bc4146bd,1.0,1,0.0,0.5689752190785762,0.06693306693306693,0.03696303696303696,6.319775192760652,0.5100083380047955,102,70,58,117,43
arc1_blank_test,bcb3040b,1.0,1,0.0,0.07282910142499499,0.011988011988011988,0.005994005994005994,6.77785811082308,0.2342845139404138,16,159,129,166,131
arc1_blank_test,bd14c3bf,1.0,1,0.0,0.6181823391828032,0.041666666666666664,0.001736111111111111,5.224999996987072,0.5055479183793068,106,97,165,63,46
arc1_blank_test,bf699163,1.0,1,0.0,0.641811391894415,0.08691308691308691,0.07192807192807193,6.183845800931074,0.6914556826325668,110,54,41,103,16
arc1_blank_test,c074846d,1.0,2,0.0,0.1258307962657063,0.1273726273726274,0.0879120879120879,5.14563329377755,0.2583033666876814,30,39,36,60,119
arc1_blank_test,c1990cce,1.0,1,0.0,0.624387615394813,0.5,0.16666666666666666,1.425555373005352,0.46395912435319686,108,11,23,5,61
arc1_blank_test,c35c1b4c,1.0,1,0.0,0.9181654701245824,0.022977022977022976,0.006993006993006993,6.124621324044046,0.37549970137036365,180,133,121,98,80
arc1_blank_test,c48954c1,1.0,1,0.0,0.8668478671907245,0.008991008991008992,0.001998001998001998,6.539016471091943,0.33612122138341266,161,166,161,142,94
arc1_blank_test,c62e2108,1.0,1,0.0,0.2870796618025284,0.06493506493506493,0.061938061938061936,6.5701695663636706,0.014243436547426077,69,71,44,146,200
arc1_blank_test,c663677b,1.0,1,1.0,0.0,1.0,1.0,0.0,0.998194917396351,1,1,1,1,1
arc1_blank_test,c6e1b8da,1.0,1,0.0,0.6860342774138208,0.006993006993006993,0.003996003996003996,6.8780053771967475,0.055851365838732035,116,173,139,184,182
arc1_blank_test,c92b942c,1.0,1,0.0,0.37609297867100633,0.07392607392607392,0.027972027972027972,4.256171251817522,0.3513954120713311,85,62,70,39,88
arc1_blank_test,c97c0139,1.0,1,0.0,0.0601161343536345,0.013888888888888888,0.0,4.514496796466841,0.20862434804439545,10,152,195,46,137
arc1_blank_test,ca8f78db,1.0,1,1.0,0.1323608399897782,0.8251748251748252,0.7942057942057942,1.1246235081534004,0.9646521134541052,34,2,2,3,3
arc1_blank_test,cb227835,1.0,1,0.0,0.14203536479639023,0.20833333333333334,0.06944444444444445,3.1879696633437473,0.04433764765659968,39,28,43,18,190
arc1_blank_test,ce039d91,1.0,1,0.0,0.3657911959949329,0.027777777777777776,0.0,5.848066799933994,0.15783028304576874,83,118,196,90,154
arc1_blank_test,d017b73f,1.0,1,1.0,0.13387645719301555,0.6093906093906094,0.5234765234765235,2.081555984355755,0.762405430830893,36,9,10,10,11
arc1_blank_test,d282b262,1.0,1,0.0,0.8832424892182049,0.001998001998001998,0.000999000999000999,6.907369869863551,0.27502109110355377,169,197,177,197,111
arc1_blank_test,d2acf2cb,1.0,1,0.0,0.2581149950769386,0.15484515484515485,0.13086913086913088,5.291846331927184,0.16971133010041328,66,32,29,67,150
arc1_blank_test,d37a1ef5,1.0,1,0.0,0.8855389720134373,0.06770833333333333,0.043402777777777776,5.310693901105749,0.1910118437730349,170,69,54,72,143
arc1_blank_test,d47aa2ff,1.0,1,0.0,0.6232693072793135,0.04295704295704296,0.024975024975024976,6.294970333329738,0.290177708101827,107,90,76,115,106
arc1_blank_test,d492a647,1.0,1,0.0,0.00995309502711883,0.14485514485514486,0.008991008991008992,3.0770161126802287,0.2902421641452559,2,36,115,17,105
arc1_blank_test,d4b1c2b1,1.0,1,0.0,0.8403096486957468,0.01098901098901099,0.006993006993006993,6.818175721616855,0.28275000236251135,150,161,122,170,109
arc1_blank_test,d56f2372,1.0,1,0.0,0.9473391345813551,0.03696303696303696,0.015984015984015984,6.417619554437705,0.5997429425651962,193,105,97,126,31
arc1_blank_test,d931c21c,1.0,1,0.0,0.31943523302847376,0.04895104895104895,0.029970029970029972,5.2604465157517195,0.02452145691732971,77,84,64,65,193
arc1_blank_test,da2b0fe3,1.0,2,0.0,0.5529003741368204,0.2107892107892108,0.13436563436563437,3.980538986890598,0.28340071786087245,98,27,28,26,108
arc1_blank_test,da515329,1.0,1,0.0,0.0727985285130548,0.06944444444444445,0.027777777777777776,4.099869996942517,0.262378004193306,15,68,73,31,117
arc1_blank_test,dc2aa30b,1.0,1,0.0,0.2385493780428437,0.006944444444444444,0.003472222222222222,6.336853572347003,0.3924124538898468,62,174,142,119,77
arc1_blank_test,de493100,1.0,1,0.0,0.909593241233533,0.003996003996003996,0.0,6.864777135476812,0.6698865294456482,174,186,197,181,21
arc1_blank_test,e0fb7511,1.0,1,0.0,0.0873771947740295,0.08333333333333333,0.05555555555555555,5.35763042204923,0.22832667082548141,21,56,47,73,134
arc1_blank_test,e1baa8a4,1.0,1,0.0,0.4068402796375181,0.22477522477522477,0.1928071928071928,5.3103002620918245,0.7025308664639791,89,22,21,71,15
arc1_blank_test,e2092e0c,1.0,1,0.0,0.9340611850505098,0.01998001998001998,0.000999000999000999,6.485111491111454,0.31502025201916695,190,138,178,137,98
arc1_blank_test,e21a174a,1.0,2,0.0,0.850950005487984,0.03596403596403597,0.013486513486513488,6.275849306315472,0.2669283250967661,155,107,102,112,114
arc1_blank_test,e57337a4,1.0,1,0.0,0.1473240849462577,0.03996003996003996,0.017982017982017984,4.218964858883351,0.5720245815813542,42,100,88,35,34
arc1_blank_test,e5790162,1.0,1,0.0,0.13031114862619597,0.1028971028971029,0.0959040959040959,6.259790277541009,0.13310040298451498,31,47,34,109,164
arc1_blank_test,e5c44e8f,1.0,1,0.0,0.061335393088585155,0.28125,0.21180555555555555,4.204791925587337,0.12848509399703256,11,17,18,34,168
arc1_blank_test,e619ca6e,1.0,1,0.0,0.08715239638623629,0.1111111111111111,0.08333333333333333,4.007108882131631,0.6868836171925068,20,44,38,28,18
arc1_blank_test,e6de6e8f,1.0,1,0.0,0.8449426842678489,0.1527777777777778,0.05555555555555555,4.108630629695,0.4881749153137207,152,33,48,32,55
arc1_blank_test,e78887d1,1.0,1,0.0,0.7576005651168928,0.030969030969030968,0.006993006993006993,6.20522784922794,0.3381685600165398,128,113,123,105,92
arc1_blank_test,e7a25a18,1.0,1,0.0,0.9143303299106901,0.03996003996003996,0.03396603396603397,6.721001368019308,0.4184325531125069,176,101,61,160,71
arc1_blank_test,e7b06bea,1.0,1,1.0,0.3039094032946028,0.02197802197802198,0.016983016983016984,6.757628985931728,0.5872386517849836,74,135,92,162,33
arc1_blank_test,e872b94a,1.0,1,0.0,0.3134902307280788,0.125,0.09722222222222222,3.982758958500139,0.3013701058096356,75,40,33,27,101
arc1_blank_test,e88171ec,1.0,1,0.0,0.8332716400320366,0.07792207792207792,0.03396603396603397,5.480793122727521,0.19944866058918145,147,61,62,78,140
arc1_blank_test,ea959feb,1.0,1,0.0,0.07716049506217582,0.000999000999000999,0.0,6.908754779315219,0.33780720829963684,17,200,198,200,93
arc1_blank_test,ea9794b1,1.0,1,0.0,0.9461558654788323,0.014985014985014986,0.003996003996003996,6.535007791618726,0.3103416323661804,192,149,140,141,99
arc1_blank_test,ed74f2f2,1.0,1,0.0,0.8368222322837652,0.07092907092907093,0.028971028971028972,4.61679284311757,0.34342674890034636,148,65,68,49,91
arc1_blank_test,ed98d772,1.0,1,0.0,0.8592751730710397,0.053946053946053944,0.001998001998001998,3.9567992753647947,0.2638120783699883,159,81,162,25,116
arc1_blank_test,f0afb749,1.0,1,0.0,0.4191100135429251,0.0959040959040959,0.04895104895104895,4.5292058293200945,0.2705092852314313,90,50,51,47,113
arc1_blank_test,f3e62deb,1.0,2,0.0,0.24237826555878017,0.7887112887112887,0.7467532467532467,1.0512638263787826,0.6673553584566615,63,3,3,2,23
arc1_blank_test,f45f5ca7,1.0,1,0.0,0.11649287726183355,0.024975024975024976,0.003996003996003996,6.256342493575849,0.45953860878944397,26,125,141,107,62
arc1_blank_test,f5c89df1,1.0,1,0.0,0.5414017123154972,0.05194805194805195,0.002997002997002997,5.101061709338104,0.505838183256296,97,83,147,59,45
arc1_blank_test,f83cb3f6,1.0,1,0.0,0.7041383649769929,0.012987012987012988,0.005994005994005994,6.146624580360791,0.17475641003021827,119,155,130,102,148
arc1_blank_test,f9a67cb5,1.0,1,0.0,0.14703458026166505,0.003472222222222222,0.0,6.348887377565058,0.47346627712249756,41,187,199,121,60
arc1_blank_test,fafd9572,1.0,1,0.0,0.7659153649345061,0.011988011988011988,0.004995004995004995,6.703470523481176,0.6886697212855021,130,160,134,158,17
arc1_blank_test,fb791726,1.0,1,0.0,0.5139901307483725,0.03996003996003996,0.01898101898101898,5.251496914173288,0.185945812612772,95,102,83,64,144
arc1_blank_test,fd096ab6,1.0,1,0.0,0.11706395595151775,0.024975024975024976,0.023976023976023976,6.828363275197632,0.018740330785512925,28,126,79,173,198
arc1_blank_test,fd4b2b02,1.0,1,0.0,0.31797102939935373,0.041666666666666664,0.0,4.848237465084583,0.8588241140047709,76,98,200,50,8
arc1_blank_test,fea12743,1.0,1,0.0,0.10601675805383759,0.025974025974025976,0.002997002997002997,6.1355068320662,0.2923069888582596,24,122,148,100,104
arc1_blank_test,ff72ca3e,1.0,1,0.0,0.1359210528585688,0.007992007992007992,0.001998001998001998,6.2593816917063805,0.47933872044086456,37,171,163,108,56
arc2_supporting,0934a4d8,1.0,1,0.0,0.91748792687918,0.001998001998001998,0.000999000999000999,6.907369869863551,0.4958063215017319,107,101,91,107,48
arc2_supporting,135a2760,1.0,1,0.0,0.030251663616989943,0.060939060939060936,0.02197802197802198,5.598922192470976,0.47548910138792677,23,47,44,44,51
arc2_supporting,136b0064,1.0,1,0.0,0.2240440624396941,0.004995004995004995,0.000999000999000999,6.864341449553346,0.0955708771944046,72,91,92,88,94
arc2_supporting,13e47133,1.0,2,0.0,0.7172358418969528,0.0014985014985014985,0.0004995004995004995,6.908062324589385,0.00041627449536463246,93,111,103,113,116
arc2_supporting,142ca369,1.0,2,0.0,0.1367926723660995,0.2192807192807193,0.19930069930069932,5.38537629717991,0.4073359249647428,61,18,12,41,59
arc2_supporting,16b78196,1.0,1,0.0,0.10422766822682983,0.001998001998001998,0.000999000999000999,6.907369869863551,0.00034456154389772564,52,102,93,108,118
arc2_supporting,16de56c4,1.0,2,0.0,0.20881440121700945,0.014985014985014984,0.005494505494505494,6.636941328558155,0.1681436255048408,69,74,64,67,83
arc2_supporting,1818057f,1.0,1,0.0,0.026041128796039037,0.2597402597402597,0.16283716283716285,3.290296303008209,0.9805795554358225,21,13,14,12,6
arc2_supporting,195c6913,1.0,2,0.0,0.28151417178038607,0.004495504495504496,0.002997002997002997,6.899752867879375,0.09552177300702169,75,92,76,97,95
arc2_supporting,1ae2feb7,1.0,3,0.0,0.1739354790574993,0.05028305028305028,0.027639027639027643,6.249961213366187,0.5377994225120516,65,50,39,59,45
arc2_supporting,20270e3b,1.0,2,0.0,0.7875202413914302,0.15284715284715283,0.05644355644355644,4.635567737949115,0.7350928070390375,100,26,25,27,28
arc2_supporting,20a9e565,1.0,2,0.0,0.960892802126001,0.021978021978021976,0.008991008991008992,6.584267818766356,0.24910095921191183,115,66,54,65,75
arc2_supporting,21897d95,1.0,2,0.0,0.9374538244046027,0.008991008991008992,0.0014985014985014985,6.843677857989941,0.027119809540246415,112,82,87,86,110
arc2_supporting,221dfab4,1.0,2,0.5,0.4617295620661923,0.08191808191808192,0.055944055944055944,6.179425939404054,0.43051046100541696,84,37,26,56,54
arc2_supporting,247ef758,1.0,2,0.0,0.07618748030829015,0.005494505494505494,0.000999000999000999,6.78111053504464,0.038102019811049104,42,88,94,80,108
arc2_supporting,269e22fb,1.0,2,0.5,0.42287539867576945,0.20529470529470528,0.09890109890109891,4.515637191143295,0.9417733177355047,81,20,19,25,9
arc2_supporting,271d71e2,1.0,1,0.0,0.6752755142399673,0.000999000999000999,0.0,6.908754779315219,0.07868751883506775,91,114,106,114,100
arc2_supporting,28a6681f,1.0,1,0.0,0.12293400838689106,0.04995004995004995,0.003996003996003996,5.505192229645689,0.3468927414342761,58,51,73,43,66
arc2_supporting,291dc1e1,1.0,1,0.0,0.7465620859814084,0.001998001998001998,0.000999000999000999,6.907369869863551,0.23202223889529705,95,103,95,109,78
arc2_supporting,2b83f449,1.0,1,0.0,0.03916661328917659,0.028971028971028972,0.006993006993006993,6.1291004016601125,0.16824461583947314,26,60,58,53,82
arc2_supporting,2ba387bc,1.0,1,0.0,0.7701967279516024,0.061938061938061936,0.007992007992007992,5.091789515183297,0.7817194090495186,98,46,55,34,21
arc2_supporting,2c181942,1.0,1,0.0,0.019013793769798504,0.04295704295704296,0.005994005994005994,5.706974607231961,0.6935916366272195,11,53,61,45,35
arc2_supporting,2d0172a1,1.0,2,0.0,0.8846154379548856,0.07642357642357642,0.024975024975024976,5.7963208749317054,0.8596184486125269,103,41,42,47,16
arc2_supporting,31f7f899,1.0,1,0.0,0.054579107625191914,0.055944055944055944,0.006993006993006993,6.01550833418017,0.1980163029261998,30,49,59,51,81
arc2_supporting,332f06d7,1.0,1,0.0,0.023903708668782775,0.2057942057942058,0.0959040959040959,3.759352778752713,0.7992146867643861,19,19,20,18,19
arc2_supporting,35ab12c3,1.0,1,0.0,0.14120710451409646,0.02197802197802198,0.002997002997002997,6.5059213628292545,0.3824843378229575,62,65,77,63,62
arc2_supporting,36a08778,1.0,2,0.5,0.40152159524470854,0.36063936063936064,0.33116883116883117,4.174206646807725,0.41924422374911263,80,8,7,22,55
arc2_supporting,38007db0,1.0,2,0.0,0.3610842222473376,0.22677322677322678,0.10939060939060939,4.123960141032615,0.7059812531083575,79,17,17,20,32
arc2_supporting,3a25b0d8,1.0,2,0.0,0.967458748410505,0.0024975024975024975,0.0004995004995004995,6.898276325026022,0.05310362456657458,116,99,104,96,105
arc2_supporting,3dc255db,1.0,1,0.0,0.02921844986585298,0.19880119880119881,0.04795204795204795,3.2727195419075406,0.7408609115074029,22,21,28,11,27
arc2_supporting,3e6067c3,1.0,2,0.0,0.06810480097095611,0.010989010989010988,0.001998001998001998,6.641850331843309,0.5283751865582806,39,81,82,69,46
arc2_supporting,409aa875,1.0,1,0.0,0.01992219818143892,0.060939060939060936,0.007992007992007992,4.680207726341234,0.15152931234753522,14,48,56,28,85
arc2_supporting,446ef5d2,1.0,2,0.0,0.3133019645658598,0.0024975024975024975,0.000999000999000999,6.902261324073539,0.1349289339656631,76,100,96,98,90
arc2_supporting,45a5af55,1.0,1,0.0,0.4471565140292184,0.008991008991008992,0.004995004995004995,6.8671804207734075,0.0016142029845569697,83,83,67,90,115
arc2_supporting,4a21e3da,1.0,2,0.0,0.07318721667706951,0.015984015984015984,0.005994005994005994,6.679469553807509,0.2341094521969995,40,68,62,73,77
arc2_supporting,4c3d4a41,1.0,2,0.0,0.02137015255109842,0.24125874125874125,0.04195804195804196,2.7088615626021313,0.6678079125878955,16,14,32,7,38
arc2_supporting,4c416de3,1.0,1,0.0,0.00016644244562602495,0.98001998001998,0.9690309690309691,0.12678818384915916,0.9902000650004024,2,3,3,3,3
arc2_supporting,4c7dc4dd,1.0,2,0.0,0.8951261160445503,0.015484515484515484,0.003996003996003996,6.637129169357657,0.38480908881153975,106,70,74,68,61
arc2_supporting,4e34c42c,1.0,2,0.0,0.8921563388257303,0.0014985014985014985,0.0,6.906677415137716,0.045493099838495255,105,112,107,104,107
arc2_supporting,53fb4810,1.0,1,0.0,0.07509389657611842,0.07892107892107893,0.00999000999000999,5.266912806745013,0.9685877786029743,41,38,53,37,7
arc2_supporting,5545f144,1.0,1,0.0,0.2410049825343633,0.1108891108891109,0.07792207792207792,5.277458503019521,0.6013484097899752,73,34,24,38,42
arc2_supporting,581f7754,1.0,2,0.0,0.15361657678976925,0.005494505494505494,0.0014985014985014985,6.866898019401754,0.15159309493998685,64,89,88,89,84
arc2_supporting,58490d8a,1.0,1,0.0,0.5266990240924554,0.07292707292707293,0.022977022977022976,5.991014236346496,0.763189869792494,86,43,43,50,24
arc2_supporting,58f5dbd5,1.0,1,0.0,0.5539491618372312,0.014985014985014986,0.004995004995004995,6.65395373816208,0.2850329947968324,88,71,68,70,71
arc2_supporting,5961cc34,1.0,1,0.0,0.0032397930512225726,0.8741258741258742,0.8511488511488512,0.7404147386620419,0.9272919022589922,4,5,5,5,10
arc2_supporting,5dbc8537,1.0,2,0.0,0.8720254082464183,0.029470529470529472,0.025474525474525476,6.768630558123804,0.05108377807971857,102,59,40,78,106
arc2_supporting,62593bfd,1.0,2,0.0,0.06752739751055009,0.007992007992007992,0.000999000999000999,6.810848112449826,0.13747215560482193,38,84,97,83,88
arc2_supporting,64efde09,1.0,1,0.0,0.7662471440615979,0.001998001998001998,0.0,6.9032151415085465,0.33000385388731956,97,104,108,100,68
arc2_supporting,65b59efc,1.0,2,0.0,0.8646707199400219,0.001998001998001998,0.0004995004995004995,6.906677415137717,0.00030290291033452377,101,105,105,106,120
arc2_supporting,67e490f4,1.0,1,0.0,0.7351779855326228,0.01098901098901099,0.001998001998001998,6.775913258031483,0.6845817132429644,94,78,83,79,37
arc2_supporting,6e453dd6,1.0,1,0.0,0.10714884152459658,0.014985014985014986,0.005994005994005994,6.627423317490615,0.060950163876016934,53,72,63,66,102
arc2_supporting,6e4f6532,1.0,2,0.0,0.13106978581599737,0.001998001998001998,0.0,6.905292505686049,0.2591650178655982,60,106,109,103,73
arc2_supporting,6ffbe589,1.0,1,0.0,0.6697380958646121,0.000999000999000999,0.0,6.908754779315219,0.1461649388074875,89,115,110,115,86
arc2_supporting,71e489b6,1.0,2,1.0,2.7079641083116446e-05,0.9991319444444444,0.9982638888888888,0.006384756165240347,0.9997275125002263,1,1,1,1,1
arc2_supporting,7491f3cf,1.0,1,0.0,0.0793845485271738,0.07092907092907093,0.04795204795204795,5.9643003007108915,0.27330272995643845,44,44,29,49,72
arc2_supporting,7666fa5d,1.0,1,1.0,0.0003656121600676965,0.987012987012987,0.983016983016983,0.09240931073730133,0.995959130677617,3,2,2,2,2
arc2_supporting,78332cb0,1.0,2,0.0,0.48469318063660144,0.03496503496503497,0.016483516483516484,6.413033729106764,0.33634406066499656,85,56,49,62,67
arc2_supporting,7b0280bc,1.0,1,0.0,0.1771251834180385,0.11188811188811189,0.01998001998001998,4.825232839385118,0.05848513297470553,66,33,45,31,103
arc2_supporting,7b3084d4,1.0,1,0.0,0.3219004619359037,0.005994005994005994,0.001998001998001998,6.807106588933328,0.36969146877527237,77,86,84,82,63
arc2_supporting,7b5033c1,1.0,1,0.0,0.7824548286457488,0.03196803196803197,0.012987012987012988,6.171209228374197,0.7187267849221826,99,57,50,55,30
arc2_supporting,7b80bb43,1.0,1,0.0,0.0108267517924574,0.17082917082917082,0.03496503496503497,2.8546863622992134,0.7707332545205167,7,23,35,9,23
arc2_supporting,7c66cb00,1.0,1,0.0,0.045160350799979376,0.01098901098901099,0.004995004995004995,6.727074893616354,0.4619163369590586,28,79,69,77,52
arc2_supporting,7ed72f31,1.0,2,0.0,0.019714963602377122,0.1023976023976024,0.025474525474525476,4.595523981778354,0.4010972458761065,13,35,41,26,60
arc2_supporting,800d221b,1.0,1,0.0,0.18841086265107232,0.007992007992007992,0.002997002997002997,6.86193816425675,0.24245120026171207,68,85,78,87,76
arc2_supporting,80a900e0,1.0,1,0.0,0.03575823519926846,0.14285714285714285,0.08491508491508491,5.390946430841252,0.6613002327121013,24,28,21,42,39
arc2_supporting,8698868d,1.0,1,0.0,0.7468803589499329,0.000999000999000999,0.0,6.908754779315219,0.9167556166648865,96,116,111,116,12
arc2_supporting,88bcf3b4,1.0,2,0.0,0.06447539301483718,0.004495504495504496,0.0014985014985014985,6.886901110545141,0.08528126180754043,36,93,89,93,97
arc2_supporting,88e364bc,1.0,2,0.0,0.013551335980632184,0.07542457542457542,0.03696303696303696,5.299038706521424,0.4100492438201036,8,42,33,39,57
arc2_supporting,89565ca0,1.0,1,0.0,0.956838901262326,0.002997002997002997,0.0,6.880011139445163,0.2539503276348114,113,96,112,92,74
arc2_supporting,898e7135,1.0,1,0.0,0.9873271676278702,0.001998001998001998,0.000999000999000999,6.907369869863551,0.01940459618344903,119,107,98,110,111
arc2_supporting,8b7bacbf,1.0,2,0.0,0.10410273380253066,0.1128871128871129,0.017982017982017984,4.859447744229612,0.49963295546327724,51,32,47,32,47
arc2_supporting,8b9c3697,1.0,1,0.0,0.022752349709852626,0.26073926073926074,0.15084915084915085,2.9837740267926485,0.8763390176883146,18,12,15,10,14
arc2_supporting,8e5c0c38,1.0,2,0.0,0.02180568326503113,0.03196803196803197,0.01048951048951049,6.081970335862685,0.41303829005254167,17,58,51,52,56
arc2_supporting,8f215267,1.0,1,0.0,0.0039044801050135414,0.44755244755244755,0.35864135864135865,2.7527897602835996,0.9205175908615014,5,7,6,8,11
arc2_supporting,8f3a5a89,1.0,1,0.0,0.01459237224247989,0.4905094905094905,0.2827172827172827,1.487826304800758,0.834943716234078,9,6,9,6,18
arc2_supporting,9385bd28,1.0,2,0.0,0.22306488361325716,0.022977022977022976,0.01048951048951049,6.699136692519588,0.20940382012527356,71,63,52,76,79
arc2_supporting,97d7923e,1.0,1,0.0,0.09223723401935291,0.014985014985014986,0.002997002997002997,6.5263356412631435,0.06183680612593889,49,73,79,64,101
arc2_supporting,981571dc,1.0,1,0.0,0.05688508729619435,0.000999000999000999,0.0,6.908754779315219,0.10308199375867844,32,117,113,117,93
arc2_supporting,9aaea919,1.0,1,0.0,0.08207444397164232,0.14685314685314685,0.03696303696303696,4.29289944621029,0.7752198188052494,46,27,34,24,22
arc2_supporting,9bbf930d,1.0,1,0.0,0.009405355206406951,0.12887112887112886,0.07892107892107893,4.742735878732577,0.08227213028847247,6,30,23,29,98
arc2_supporting,a251c730,1.0,1,0.0,0.9292449895516345,0.000999000999000999,0.0,6.908754779315219,0.6894389390945435,110,118,114,118,36
arc2_supporting,a25697e4,1.0,2,0.0,0.11070412261120943,0.005494505494505494,0.0024975024975024975,6.879884929885115,0.13506157983404896,54,90,81,91,89
arc2_supporting,a32d8b75,1.0,2,0.0,0.6704045859050349,0.0034965034965034965,0.001998001998001998,6.9026578399318375,0.000317903867107816,90,95,85,99,119
arc2_supporting,a395ee82,1.0,1,0.0,0.06229565578605878,0.017982017982017984,0.001998001998001998,6.227181787626315,0.697396752734979,35,67,86,58,34
arc2_supporting,a47bf94d,1.0,1,0.0,0.03823158252801262,0.028971028971028972,0.017982017982017984,6.187888182643048,0.9426527896831776,25,61,48,57,8
arc2_supporting,a6f40cea,1.0,1,0.0,0.9742884038040089,0.001998001998001998,0.000999000999000999,6.907369869863551,0.0003599934570956975,117,108,99,111,117
arc2_supporting,aa4ec2a5,1.0,1,0.0,0.02472143210439115,0.17382617382617382,0.1048951048951049,4.930538631743147,0.48725246239838926,20,22,18,33,50
arc2_supporting,abc82100,1.0,2,0.0,0.24105787993700617,0.04145854145854146,0.034465534465534464,6.697767183119758,0.0017752009079825876,74,54,36,75,114
arc2_supporting,b0039139,1.0,2,0.0,0.9287323628214339,0.026973026973026976,0.005494505494505494,5.95193030379906,0.7450095388807099,109,62,65,48,26
arc2_supporting,b10624e5,1.0,1,0.0,0.06508260213930961,0.005994005994005994,0.000999000999000999,6.82755865927153,0.09315015674413492,37,87,100,84,96
arc2_supporting,b5ca7ac4,1.0,1,0.0,0.18014886872280123,0.23576423576423577,0.1968031968031968,5.227476682183944,0.7587183818410513,67,15,13,36,25
arc2_supporting,b6f77b65,1.0,3,0.0,0.11414541415233088,0.036297036297036296,0.004662004662004662,6.158178589407195,0.12004410691150631,56,55,72,54,91
arc2_supporting,b99e7126,1.0,1,0.0,0.021286828004807523,0.0989010989010989,0.0,3.3413550743925056,0.9139575172554363,15,36,115,14,13
arc2_supporting,b9e38dc0,1.0,1,0.0,0.1480512375756895,0.33466533466533466,0.2997002997002997,4.14996509171835,0.7892092100719907,63,10,8,21,20
arc2_supporting,bf45cf4b,1.0,1,0.0,0.8852136217781935,0.002997002997002997,0.000999000999000999,6.904077325541868,0.08100453081230323,104,97,101,101,99
arc2_supporting,c4d067a0,1.0,1,0.0,0.08334094451816809,0.07892107892107893,0.03396603396603397,5.2996531282168196,0.7035978790962055,47,39,37,40,33
arc2_supporting,c7f57c3e,1.0,1,0.0,0.04077122498833685,0.015984015984015984,0.003996003996003996,6.655104678609381,0.05745704763830872,27,69,75,71,104
arc2_supporting,cb2d8a2c,1.0,2,0.0,0.07976373465627462,0.013986013986013986,0.007992007992007992,6.783239164360712,0.3217899529263377,45,76,57,81,69
arc2_supporting,cbebaa4b,1.0,2,0.0,0.11101508901022106,0.0014985014985014985,0.0,6.906677415137716,0.20205706730484962,55,113,116,105,80
arc2_supporting,d35bdbdc,1.0,3,0.0,0.09998822322394525,0.13186813186813187,0.04728604728604729,4.022060800701214,0.5874110184685543,50,29,31,19,43
arc2_supporting,d59b0160,1.0,1,0.0,0.2123333943154747,0.11388611388611389,0.04795204795204795,5.161321034777304,0.85125245088548,70,31,30,35,17
arc2_supporting,d8e07eb2,1.0,2,0.0,0.12054947817892886,0.35764235764235763,0.26023976023976025,3.5166776855590465,0.8637217895802832,57,9,10,15,15
arc2_supporting,da515329,1.0,1,0.0,0.0878305580742933,0.16666666666666666,0.1111111111111111,3.701214968596892,0.432100569208463,48,24,16,16,53
arc2_supporting,db0c5428,1.0,1,0.0,0.019567744841220924,0.23276723276723277,0.055944055944055944,3.3185865391451763,0.7138265043241272,12,16,27,13,31
arc2_supporting,db695cfb,1.0,1,0.0,0.07683227950776239,0.022977022977022976,0.004995004995004995,6.270425288713726,0.31273476585097937,43,64,70,60,70
arc2_supporting,dbff022c,1.0,1,0.0,0.05969082889336019,0.07892107892107893,0.002997002997002997,4.236646822713024,0.648890033364296,34,40,80,23,40
arc2_supporting,dd6b8c4b,1.0,2,0.0,0.05778242260817368,0.15384615384615385,0.08441558441558442,4.823095820636642,0.5725340936882091,33,25,22,30,44
arc2_supporting,de809cff,1.0,1,0.0,0.12651539830532355,0.01098901098901099,0.004995004995004995,6.832451314243395,0.643372121182355,59,80,71,85,41
arc2_supporting,dfadab01,1.0,1,0.0,0.4354089121622021,0.000999000999000999,0.0,6.908754779315219,0.9884097576141357,82,119,117,119,4
arc2_supporting,e12f9a14,1.0,2,0.0,0.5461556041344466,0.000999000999000999,0.0,6.908754779315219,0.10632486196118407,87,120,118,120,92
arc2_supporting,e3721c99,1.0,2,0.0,0.35557392022867496,0.012987012987012988,0.005494505494505494,6.696036123672663,0.4952902663111066,78,77,66,74,49
arc2_supporting,e376de54,1.0,1,0.0,0.05635407923744584,0.04595404595404595,0.029970029970029972,6.330528879408362,0.3641176358189272,31,52,38,61,64
arc2_supporting,e8686506,1.0,1,0.0,0.9201305551598635,0.001998001998001998,0.000999000999000999,6.907369869863551,0.009273025440052152,108,109,102,112,113
arc2_supporting,e87109e9,1.0,1,0.0,0.6868840961748464,0.06893106893106893,0.01898101898101898,5.779428166923932,0.7262282390957293,92,45,46,46,29
arc2_supporting,edb79dae,1.0,1,0.0,0.9576109154040251,0.002997002997002997,0.0,6.888137329351801,0.03299790512149533,114,98,119,94,109
arc2_supporting,eee78d87,1.0,1,0.0,0.04674981299829639,0.955044955044955,0.948051948051948,0.320470510320481,0.9858868720952936,29,4,4,4,5
arc2_supporting,f560132c,1.0,2,0.0,0.9746607060984979,0.004495504495504496,0.0014985014985014985,6.8971182021251645,0.14447091253678082,118,94,90,95,87
arc2_supporting,f931b4a8,1.0,2,0.0,0.9362140600238634,0.014485514485514486,0.006993006993006993,6.6735946414425396,0.36223218539463625,111,75,60,72,65
arc2_supporting,faa9f03d,1.0,2,0.0,0.018375297044605554,0.3116883116883117,0.23876123876123878,3.7064193593411785,0.40976644056784733,10,11,11,17,58
arc2_supporting,fc7cae8d,1.0,1,0.0,0.9914287041388813,0.001998001998001998,0.0,6.904600050960214,0.010284677147865295,120,110,120,102,112
